29.238292694091797, 42.394168853759766, 32.0549430847168, 32.96823501586914, 36.72824478149414
29.20442008972168, 40.69381332397461, 31.571317672729492, 33.60028839111328, 36.33740997314453
27.02424430847168, 26.31873321533203, 27.703208923339844, 30.502500534057617, 30.82784652709961
25.374574661254883, 13.007956504821777, 25.445573806762695, 27.0153865814209, 24.851547241210938
28.383848190307617, 32.08555603027344, 29.716310501098633, 33.04739761352539, 29.705097198486328
27.420515060424805, 35.25275802612305, 31.099287033081055, 33.95720672607422, 35.251853942871094
26.13640022277832, 34.9454460144043, 30.803937911987305, 32.49033737182617, 32.80389404296875
24.6391544342041, 29.275835037231445, 31.562911987304688, 31.86669921875, 27.417125701904297
23.608366012573242, 18.399648666381836, 30.342636108398438, 29.645191192626953, 21.455888748168945
27.75261878967285, 30.20076560974121, 26.326162338256836, 31.986019134521484, 29.001405715942383
26.61039924621582, 32.97376251220703, 26.922006607055664, 31.450193405151367, 36.89886474609375
25.69049835205078, 30.988597869873047, 27.290937423706055, 30.295883178710938, 31.72087287902832
25.0060977935791, 27.573158264160156, 29.211328506469727, 31.055377960205078, 24.681161880493164
24.537260055541992, 21.64316749572754, 31.055009841918945, 32.43864440917969, 20.583341598510742
26.31935691833496, 26.91313934326172, 23.60935401916504, 30.74338722229004, 28.051498413085938
27.47942543029785, 33.66592788696289, 26.346975326538086, 32.61564254760742, 38.88008117675781
25.173986434936523, 30.629138946533203, 25.202693939208984, 30.446264266967773, 35.195884704589844
23.881010055541992, 25.74401092529297, 25.26153564453125, 29.654640197753906, 25.545631408691406
23.909841537475586, 20.72171401977539, 26.510549545288086, 30.476123809814453, 18.64923095703125
26.456317901611328, 26.380207061767578, 22.883092880249023, 31.555879592895508, 28.502361297607422
27.975770950317383, 34.03384017944336, 26.25852394104004, 34.18573760986328, 39.715946197509766
25.93366050720215, 32.706031799316406, 25.01313591003418, 32.23984146118164, 41.15840148925781
23.365270614624023, 26.05817413330078, 23.141807556152344, 29.66859245300293, 29.888748168945312
22.43528938293457, 20.629478454589844, 23.17925262451172, 29.505813598632812, 20.232383728027344
30.215736389160156, 31.160381317138672, 30.670637130737305, 28.16472625732422, 29.623769760131836
31.19328498840332, 37.298763275146484, 32.27694320678711, 29.66773796081543, 34.29077911376953
32.329429626464844, 46.154544830322266, 33.83415603637695, 32.76340866088867, 36.866737365722656
31.586137771606445, 32.58030319213867, 29.96454429626465, 29.911134719848633, 32.489315032958984
31.393075942993164, 19.354995727539062, 27.50316047668457, 26.781251907348633, 28.01506805419922
30.166275024414062, 30.026744842529297, 30.018064498901367, 30.98816680908203, 28.222509384155273
30.38841438293457, 32.266414642333984, 31.66267967224121, 31.998655319213867, 33.50704574584961
30.26034164428711, 32.5657844543457, 31.8024845123291, 31.045238494873047, 32.17217254638672
29.726123809814453, 31.96246337890625, 30.864110946655273, 30.45832633972168, 32.16559600830078
29.440616607666016, 23.686527252197266, 29.76043701171875, 28.47987174987793, 30.37928009033203
31.443944931030273, 32.32954406738281, 30.151058197021484, 32.05123519897461, 28.15631866455078
31.0833740234375, 31.972824096679688, 30.47079849243164, 31.880855560302734, 33.81528854370117
29.865070343017578, 29.14006996154785, 29.548770904541016, 30.75414276123047, 31.700061798095703
29.63678550720215, 28.89421844482422, 29.45638084411621, 31.063159942626953, 32.2598991394043
29.322622299194336, 25.740528106689453, 30.25208854675293, 32.22907638549805, 31.42280387878418
30.723581314086914, 29.719661712646484, 29.187150955200195, 32.20136642456055, 25.087398529052734
30.531593322753906, 31.926166534423828, 30.022397994995117, 32.67485427856445, 33.3833122253418
30.21534538269043, 31.454994201660156, 28.231645584106445, 31.93071937561035, 37.78608703613281
29.73414421081543, 27.756759643554688, 27.099016189575195, 30.928661346435547, 32.30976104736328
28.71335220336914, 23.32698631286621, 26.880529403686523, 31.172592163085938, 27.779142379760742
30.5046443939209, 27.376853942871094, 28.772722244262695, 33.380306243896484, 23.723678588867188
32.009456634521484, 32.46287536621094, 30.681779861450195, 35.840084075927734, 35.01142501831055
30.792255401611328, 34.78278732299805, 28.440526962280273, 33.88677215576172, 45.45294952392578
27.76108169555664, 26.825347900390625, 25.16423225402832, 30.972209930419922, 31.881946563720703
27.223161697387695, 22.540138244628906, 24.523008346557617, 30.500059127807617, 25.01075553894043
30.19805908203125, 28.854450225830078, 29.06147003173828, 25.00669288635254, 27.763851165771484
32.32799530029297, 32.35502624511719, 30.568836212158203, 24.200668334960938, 32.08259201049805
33.231361389160156, 34.105926513671875, 30.813615798950195, 24.485065460205078, 32.33787536621094
32.1185302734375, 31.043773651123047, 29.99687957763672, 24.449874877929688, 30.474889755249023
31.809162139892578, 21.41600799560547, 27.908693313598633, 23.62471580505371, 27.674320220947266
30.101451873779297, 27.631742477416992, 28.840181350708008, 28.49236297607422, 26.1987361907959
32.181331634521484, 31.411544799804688, 31.04429054260254, 29.41231918334961, 32.9668083190918
33.142601013183594, 32.63067626953125, 32.03902053833008, 29.428726196289062, 32.24176788330078
32.49088668823242, 29.64208221435547, 31.00921058654785, 28.513626098632812, 30.29075813293457
31.690336227416992, 23.095436096191406, 29.303537368774414, 26.690195083618164, 28.723365783691406
32.14134979248047, 29.384361267089844, 29.765119552612305, 30.07486343383789, 26.224855422973633
32.77932357788086, 29.968040466308594, 29.503643035888672, 29.32271957397461, 30.715530395507812
32.0093879699707, 29.014808654785156, 29.550376892089844, 29.709522247314453, 30.389585494995117
31.951932907104492, 27.26384162902832, 29.712980270385742, 30.245271682739258, 29.24093246459961
31.8305606842041, 22.556236267089844, 28.878999710083008, 29.671152114868164, 29.104188919067383
31.629737854003906, 29.194700241088867, 30.433183670043945, 30.22197151184082, 25.342527389526367
32.68271255493164, 29.293476104736328, 30.338895797729492, 29.843059539794922, 30.7181453704834
32.935604095458984, 27.64344024658203, 29.00951385498047, 30.123374938964844, 30.343746185302734
32.145076751708984, 25.121654510498047, 28.816162109375, 30.86667823791504, 29.08977508544922
31.636545181274414, 22.75107192993164, 28.69629669189453, 31.3465576171875, 30.04316520690918
31.3393611907959, 27.303321838378906, 31.193754196166992, 31.21552848815918, 22.93781280517578
32.072872161865234, 28.616201400756836, 31.530935287475586, 31.011333465576172, 28.02355194091797
32.37724685668945, 27.969322204589844, 29.643268585205078, 30.947246551513672, 32.9263801574707
31.87203598022461, 25.230690002441406, 27.99114990234375, 31.321331024169922, 30.990333557128906
31.206907272338867, 23.293994903564453, 26.71160316467285, 30.974035263061523, 31.305830001831055
29.895227432250977, 25.498987197875977, 26.933340072631836, 22.708559036254883, 27.20866584777832
31.449934005737305, 28.879337310791016, 28.426462173461914, 21.321693420410156, 31.15860366821289
33.03046417236328, 28.4063777923584, 29.12557601928711, 19.898759841918945, 31.720983505249023
32.568485260009766, 24.21870231628418, 28.189067840576172, 18.87704086303711, 29.80423355102539
31.502592086791992, 18.608917236328125, 26.95420265197754, 18.784435272216797, 27.29281234741211
30.162473678588867, 25.650344848632812, 27.23906707763672, 27.102800369262695, 25.283466339111328
31.646854400634766, 28.873037338256836, 28.87567138671875, 26.930343627929688, 30.283313751220703
32.43532943725586, 29.605987548828125, 30.25629425048828, 26.47991943359375, 32.22909164428711
32.68410110473633, 27.856483459472656, 30.4237117767334, 26.296920776367188, 31.28306770324707
31.756568908691406, 21.981468200683594, 29.447265625, 24.739089965820312, 28.393753051757812
31.753480911254883, 27.645401000976562, 28.79253578186035, 30.059528350830078, 24.706073760986328
32.729183197021484, 29.645668029785156, 29.53681755065918, 30.04035186767578, 29.842391967773438
32.78117752075195, 30.029644012451172, 29.63763999938965, 29.7860107421875, 31.09151268005371
31.747432708740234, 26.473873138427734, 29.270023345947266, 29.462909698486328, 29.400060653686523
31.875137329101562, 22.295379638671875, 29.478561401367188, 29.62635612487793, 28.32758903503418
31.7148380279541, 28.177661895751953, 30.001558303833008, 30.460403442382812, 24.961856842041016
33.371036529541016, 29.199853897094727, 30.563196182250977, 30.401601791381836, 30.164073944091797
33.113155364990234, 28.398691177368164, 29.527315139770508, 30.434913635253906, 29.54938507080078
31.389917373657227, 24.635446548461914, 28.885406494140625, 30.9766845703125, 27.835886001586914
31.24019432067871, 20.042375564575195, 28.56146240234375, 31.075939178466797, 26.776473999023438
31.333925247192383, 26.295347213745117, 31.239118576049805, 30.495407104492188, 22.987319946289062
32.16250228881836, 27.817419052124023, 31.241405487060547, 30.293184280395508, 28.746397018432617
33.06278610229492, 27.469207763671875, 30.150917053222656, 30.635353088378906, 29.396249771118164
31.83173942565918, 24.08136749267578, 28.733713150024414, 31.245668411254883, 27.028013229370117
31.048494338989258, 20.051395416259766, 27.971960067749023, 31.68828010559082, 26.80166244506836
29.19072723388672, 23.374160766601562, 25.746822357177734, 21.730316162109375, 27.60147476196289
29.92844009399414, 24.923564910888672, 26.389907836914062, 19.48104476928711, 30.544845581054688
31.20940399169922, 24.95705795288086, 27.46360969543457, 17.75121307373047, 31.827478408813477
31.551469802856445, 20.94466781616211, 26.76216697692871, 15.951739311218262, 30.39798355102539
31.154403686523438, 14.891307830810547, 25.66034698486328, 14.819660186767578, 27.975282669067383
29.2438907623291, 22.68706512451172, 25.681692123413086, 26.040063858032227, 25.242000579833984
30.502674102783203, 25.459674835205078, 26.911911010742188, 25.57573699951172, 29.49676513671875
31.052324295043945, 25.800804138183594, 28.42106819152832, 24.710481643676758, 31.88153839111328
31.706083297729492, 24.014137268066406, 28.775697708129883, 23.638296127319336, 31.286928176879883
30.950605392456055, 19.35849380493164, 28.08086585998535, 21.757808685302734, 28.912546157836914
30.04847526550293, 23.624469757080078, 26.8094539642334, 29.200939178466797, 23.647377014160156
30.73497200012207, 25.842140197753906, 27.21584701538086, 28.97869873046875, 27.896854400634766
31.740890502929688, 26.260984420776367, 27.831037521362305, 28.735660552978516, 30.647214889526367
32.409210205078125, 24.937049865722656, 28.983564376831055, 28.914886474609375, 30.67681884765625
31.878812789916992, 20.92406463623047, 28.81619644165039, 28.379230499267578, 29.01212501525879
31.42108154296875, 25.59404754638672, 29.16591453552246, 31.10354232788086, 23.510160446166992
31.95557975769043, 27.036584854125977, 29.692686080932617, 31.220495223999023, 27.46662139892578
32.15827941894531, 27.047183990478516, 29.59145164489746, 31.22686004638672, 29.133155822753906
31.292016983032227, 23.895267486572266, 28.645715713500977, 30.949237823486328, 28.148536682128906
30.928848266601562, 19.290746688842773, 28.49422264099121, 30.74573516845703, 26.881296157836914
30.954364776611328, 24.720884323120117, 29.957090377807617, 30.96724510192871, 22.914831161499023
32.09859848022461, 26.574237823486328, 30.624189376831055, 30.79862403869629, 28.184188842773438
32.71963882446289, 26.347209930419922, 29.861848831176758, 31.154945373535156, 27.871103286743164
31.212657928466797, 23.22357177734375, 28.513917922973633, 31.50527000427246, 26.89354705810547
30.1416072845459, 18.308155059814453, 28.11860466003418, 32.031959533691406, 25.29803466796875
29.695016860961914, 31.725399017333984, 30.81561851501465, 29.953876495361328, 30.962188720703125
31.209369659423828, 33.57674026489258, 30.218610763549805, 30.884849548339844, 32.851951599121094
30.493741989135742, 34.060791015625, 29.117942810058594, 31.379283905029297, 33.191986083984375
28.61590003967285, 27.58822250366211, 27.85931968688965, 29.305965423583984, 29.06732940673828
27.34195899963379, 15.334952354431152, 25.7326717376709, 25.184370040893555, 23.893035888671875
31.026735305786133, 32.296302795410156, 31.926361083984375, 32.36817169189453, 30.659780502319336
29.93523406982422, 32.32283401489258, 30.988771438598633, 31.950984954833984, 31.12392807006836
29.75954818725586, 32.332237243652344, 31.02031135559082, 30.601591110229492, 30.819238662719727
28.56090545654297, 30.471830368041992, 32.00230026245117, 29.586196899414062, 28.99321174621582
26.74867820739746, 21.428895950317383, 31.4311580657959, 28.80368995666504, 24.11975860595703
31.347272872924805, 30.218711853027344, 28.509071350097656, 33.1822624206543, 28.982969284057617
30.853689193725586, 32.35683059692383, 29.271778106689453, 32.68075180053711, 31.421655654907227
30.213788986206055, 32.63264083862305, 30.448745727539062, 30.159717559814453, 31.01055335998535
29.26754379272461, 30.065689086914062, 31.132978439331055, 29.54404067993164, 27.316587448120117
28.582988739013672, 25.73926544189453, 33.218814849853516, 30.52710723876953, 21.73052215576172
30.163225173950195, 27.634370803833008, 25.452234268188477, 30.39339256286621, 25.767932891845703
31.10374641418457, 32.48162841796875, 28.234554290771484, 32.05754089355469, 30.824310302734375
30.59885597229004, 33.41291046142578, 29.5246639251709, 30.367643356323242, 31.39213752746582
28.74924087524414, 29.331697463989258, 28.99596405029297, 28.798715591430664, 27.51568603515625
28.49721336364746, 25.412822723388672, 30.092422485351562, 29.34686851501465, 21.1702880859375
28.64417839050293, 25.275081634521484, 22.827268600463867, 28.61420440673828, 23.414216995239258
31.579744338989258, 33.220787048339844, 27.743694305419922, 31.977508544921875, 30.865358352661133
30.549631118774414, 34.2112922668457, 28.56739616394043, 30.345928192138672, 32.00974655151367
27.71031951904297, 29.95089340209961, 27.498443603515625, 28.825672149658203, 29.18095588684082
26.945810317993164, 24.824264526367188, 27.19561195373535, 28.121347427368164, 22.302127838134766
29.19748306274414, 29.30839729309082, 30.27560806274414, 30.037860870361328, 30.291278839111328
31.09474754333496, 31.815181732177734, 30.8158016204834, 31.02834701538086, 33.10498809814453
31.703393936157227, 33.11017990112305, 29.576929092407227, 31.17928123474121, 33.38764953613281
31.78221321105957, 31.659141540527344, 28.792020797729492, 29.608488082885742, 31.792573928833008
32.0735969543457, 20.919105529785156, 27.36564064025879, 26.379119873046875, 27.42322540283203
30.968507766723633, 31.13866424560547, 31.973384857177734, 31.04903793334961, 30.383817672729492
31.10434913635254, 31.417369842529297, 32.06936264038086, 32.078426361083984, 32.6057014465332
31.24110984802246, 31.446996688842773, 31.171213150024414, 31.275390625, 32.22105407714844
32.23128128051758, 32.263816833496094, 31.7740535736084, 31.641334533691406, 32.05181121826172
31.267536163330078, 27.134702682495117, 31.284221649169922, 30.170719146728516, 29.488868713378906
31.985164642333984, 32.404571533203125, 31.096513748168945, 32.681209564208984, 29.94835662841797
31.06199073791504, 33.13972091674805, 31.66266441345215, 32.71126174926758, 32.59000015258789
31.269973754882812, 32.34560012817383, 31.913679122924805, 31.62794303894043, 32.23644256591797
32.07331466674805, 31.03845977783203, 31.9528865814209, 31.479612350463867, 31.500181198120117
32.278038024902344, 29.534303665161133, 32.41842269897461, 31.711647033691406, 30.090164184570312
31.145055770874023, 29.876686096191406, 29.007410049438477, 31.671756744384766, 26.81097412109375
32.13483428955078, 33.09608459472656, 31.059614181518555, 32.87253189086914, 32.20566177368164
31.524242401123047, 33.13384246826172, 30.96820640563965, 31.36886978149414, 33.14535140991211
32.05356979370117, 31.22113037109375, 30.650474548339844, 30.439762115478516, 31.02699851989746
32.669795989990234, 28.928903579711914, 31.448293685913086, 30.91415786743164, 29.807178497314453
30.549955368041992, 27.420398712158203, 28.119123458862305, 31.416763305664062, 24.06319236755371
32.12173843383789, 31.49243927001953, 30.188838958740234, 32.664772033691406, 29.873708724975586
32.2532844543457, 33.1993522644043, 30.670764923095703, 31.487993240356445, 32.31075668334961
31.582307815551758, 31.19959831237793, 30.174930572509766, 30.699588775634766, 31.917539596557617
32.12659454345703, 28.177764892578125, 29.9757022857666, 30.388225555419922, 27.941211700439453
29.64188575744629, 28.267637252807617, 30.467008590698242, 29.732379913330078, 29.074190139770508
32.16706466674805, 31.453950881958008, 31.085922241210938, 29.92728042602539, 32.470924377441406
32.83287048339844, 32.52882766723633, 30.611902236938477, 28.760578155517578, 31.806467056274414
32.6210823059082, 30.567949295043945, 29.58363914489746, 27.460601806640625, 30.168731689453125
32.623165130615234, 24.59832191467285, 28.237703323364258, 25.920827865600586, 28.264774322509766
30.69304656982422, 29.464672088623047, 31.71091651916504, 30.648452758789062, 28.258159637451172
32.15721893310547, 31.64901351928711, 32.134761810302734, 31.635517120361328, 33.12999725341797
32.78142547607422, 32.41984176635742, 31.808815002441406, 31.626842498779297, 33.04158401489258
32.90886306762695, 31.712614059448242, 31.15934944152832, 31.220190048217773, 31.855491638183594
32.27981948852539, 27.35968017578125, 30.575885772705078, 30.12999725341797, 29.82981300354004
32.74448776245117, 32.45289993286133, 32.89946746826172, 31.72515869140625, 30.024057388305664
32.35861587524414, 32.943565368652344, 31.701435089111328, 31.35299301147461, 32.64618682861328
32.61530685424805, 32.521297454833984, 31.37516975402832, 31.463666915893555, 32.41461944580078
33.0767707824707, 31.731822967529297, 31.69518280029297, 31.917821884155273, 31.510330200195312
32.649688720703125, 29.102420806884766, 31.547780990600586, 31.88463592529297, 29.867050170898438
32.15928268432617, 31.341278076171875, 31.899805068969727, 31.42060089111328, 28.24468421936035
32.66096878051758, 33.138736724853516, 32.32843780517578, 31.585290908813477, 32.398643493652344
32.81022262573242, 33.39653015136719, 31.606060028076172, 31.36417007446289, 32.24989318847656
32.71554946899414, 31.552005767822266, 31.901222229003906, 31.762439727783203, 30.76422691345215
32.394920349121094, 28.893081665039062, 32.14541244506836, 32.091617584228516, 29.283018112182617
31.64377212524414, 29.529254913330078, 31.559480667114258, 31.789703369140625, 26.06991958618164
32.241539001464844, 31.11982536315918, 32.616943359375, 31.641204833984375, 29.67609977722168
32.8670539855957, 32.554447174072266, 32.07270050048828, 31.721988677978516, 33.21183776855469
32.47809600830078, 30.20565414428711, 31.332592010498047, 31.25436019897461, 31.0980281829834
32.25407791137695, 28.143463134765625, 31.458112716674805, 31.219961166381836, 28.46508026123047
28.99674415588379, 27.688915252685547, 30.373449325561523, 28.864459991455078, 28.37491226196289
31.47489356994629, 30.977054595947266, 31.415876388549805, 28.72102165222168, 31.155563354492188
33.061885833740234, 32.457679748535156, 31.246511459350586, 27.2298583984375, 32.049163818359375
32.50969696044922, 27.74239730834961, 29.29400062561035, 24.496232986450195, 30.332414627075195
31.909269332885742, 21.932334899902344, 27.893774032592773, 23.003936767578125, 27.543262481689453
30.819765090942383, 28.864797592163086, 31.616418838500977, 30.920503616333008, 27.487071990966797
31.219188690185547, 30.715167999267578, 31.292919158935547, 30.503917694091797, 31.352319717407227
32.144954681396484, 32.087764739990234, 31.570798873901367, 30.35791778564453, 32.71086502075195
32.153385162353516, 31.649702072143555, 31.180883407592773, 30.19104766845703, 31.69139289855957
32.45546340942383, 27.84238052368164, 30.96888542175293, 29.662614822387695, 30.230087280273438
32.26931381225586, 31.431644439697266, 32.505218505859375, 32.12705612182617, 27.617820739746094
32.54491424560547, 32.54647445678711, 31.61387825012207, 31.315832138061523, 32.08699035644531
32.50850296020508, 32.66209411621094, 30.995121002197266, 31.3199462890625, 32.13334274291992
32.08232498168945, 31.2535343170166, 30.992298126220703, 31.66916275024414, 30.819047927856445
32.26864242553711, 28.921077728271484, 31.14859390258789, 32.07760238647461, 29.570528030395508
32.201438903808594, 30.191316604614258, 32.31321334838867, 31.242698669433594, 28.182701110839844
32.89979553222656, 31.808218002319336, 31.70481300354004, 31.12494659423828, 31.26870346069336
32.950862884521484, 32.34707260131836, 30.600019454956055, 30.83940315246582, 31.019990921020508
32.216285705566406, 30.906230926513672, 30.982576370239258, 31.762989044189453, 29.70062255859375
31.6689395904541, 28.743980407714844, 31.38787269592285, 32.37790298461914, 28.184101104736328
31.42873764038086, 28.242856979370117, 32.17101287841797, 30.620197296142578, 26.214534759521484
31.955808639526367, 29.564910888671875, 32.53077697753906, 30.983020782470703, 29.784622192382812
33.03129196166992, 31.39853858947754, 31.522052764892578, 31.25320053100586, 31.697538375854492
32.15343475341797, 29.043392181396484, 30.67588233947754, 31.564453125, 28.516027450561523
30.965269088745117, 26.86273956298828, 30.909421920776367, 31.828380584716797, 26.782257080078125
28.425230026245117, 27.336986541748047, 29.731538772583008, 27.626359939575195, 27.872535705566406
29.843992233276367, 29.33257293701172, 30.403806686401367, 26.781387329101562, 30.46875762939453
31.36105728149414, 29.542430877685547, 30.555564880371094, 25.449077606201172, 31.86800765991211
31.637001037597656, 25.58633041381836, 29.29593849182129, 22.76712989807129, 30.942291259765625
31.30558204650879, 20.01582145690918, 27.557727813720703, 20.643569946289062, 28.49948501586914
29.498828887939453, 28.51742935180664, 31.05031967163086, 30.852752685546875, 27.085962295532227
30.13506317138672, 30.21573257446289, 30.897192001342773, 30.142316818237305, 29.850675582885742
30.686656951904297, 31.168155670166016, 31.344873428344727, 29.34447479248047, 31.32158660888672
31.35255241394043, 29.166221618652344, 31.121492385864258, 28.455947875976562, 31.53709602355957
31.304006576538086, 24.936752319335938, 30.387189865112305, 27.489208221435547, 29.681427001953125
31.045705795288086, 30.182861328125, 31.761795043945312, 32.05434799194336, 25.913421630859375
30.94038200378418, 31.616111755371094, 31.515424728393555, 31.944931030273438, 29.732513427734375
31.429994583129883, 32.51376724243164, 31.135072708129883, 31.71820068359375, 31.551206588745117
31.10917091369629, 30.597469329833984, 30.880924224853516, 31.343048095703125, 30.109760284423828
31.735567092895508, 28.412620544433594, 31.220909118652344, 31.712482452392578, 29.51935577392578
31.860559463500977, 29.846214294433594, 31.794347763061523, 32.41178894042969, 25.757600784301758
31.926790237426758, 31.096874237060547, 31.583765029907227, 32.07237243652344, 29.036447525024414
32.03357696533203, 32.35824203491211, 30.710905075073242, 31.597267150878906, 30.95233154296875
31.441286087036133, 31.0953426361084, 30.75123405456543, 32.24497604370117, 29.474822998046875
31.192705154418945, 28.526758193969727, 31.1130428314209, 32.71463394165039, 28.019756317138672
30.886131286621094, 27.26123809814453, 31.913991928100586, 31.148391723632812, 25.099212646484375
31.93962287902832, 28.658164978027344, 32.361934661865234, 31.161083221435547, 28.958484649658203
32.55183029174805, 30.674243927001953, 31.07130241394043, 31.550334930419922, 29.526052474975586
31.922441482543945, 29.259235382080078, 30.67696189880371, 32.26279067993164, 28.185684204101562
30.88897705078125, 27.303335189819336, 30.775562286376953, 33.065975189208984, 26.61277198791504
28.853727340698242, 30.696956634521484, 29.276853561401367, 28.926177978515625, 29.43117904663086
31.259262084960938, 32.37310028076172, 27.020597457885742, 29.78545570373535, 31.32701301574707
32.86971664428711, 32.28207015991211, 27.144336700439453, 30.910999298095703, 30.989831924438477
31.71998405456543, 30.089385986328125, 27.13213348388672, 30.821985244750977, 30.201732635498047
30.887645721435547, 22.27967071533203, 26.69175148010254, 27.20998764038086, 26.471601486206055
31.37067222595215, 29.234193801879883, 29.560352325439453, 28.75737762451172, 28.771574020385742
32.17213439941406, 31.046401977539062, 29.21904945373535, 29.629213333129883, 29.699050903320312
31.623079299926758, 31.490068435668945, 29.097625732421875, 30.251220703125, 30.355791091918945
31.446544647216797, 30.977462768554688, 30.0477294921875, 29.967647552490234, 30.134387969970703
30.133121490478516, 27.77019500732422, 30.909751892089844, 28.959566116333008, 28.143470764160156
32.785667419433594, 29.515701293945312, 29.799097061157227, 32.5004768371582, 29.21907615661621
32.596458435058594, 31.699203491210938, 30.049488067626953, 32.07676315307617, 30.197734832763672
32.17913818359375, 31.5080509185791, 30.203853607177734, 30.461223602294922, 29.83344841003418
31.56109046936035, 31.453006744384766, 31.04072380065918, 29.6539306640625, 28.861364364624023
30.425731658935547, 28.879304885864258, 31.926462173461914, 28.999549865722656, 26.3475399017334
31.461090087890625, 27.96088981628418, 26.242231369018555, 30.31890106201172, 28.15364646911621
32.68381881713867, 32.097469329833984, 28.49932289123535, 31.46240234375, 30.551546096801758
32.90985870361328, 31.9108829498291, 30.050947189331055, 30.70187759399414, 29.218936920166016
31.83753204345703, 31.630855560302734, 31.150550842285156, 30.289566040039062, 27.443418502807617
30.977048873901367, 29.205371856689453, 31.866310119628906, 29.71735382080078, 25.252796173095703
30.801700592041016, 26.74024200439453, 24.457429885864258, 28.359458923339844, 25.45368194580078
32.41233444213867, 31.918411254882812, 27.238981246948242, 30.22219467163086, 29.79599952697754
32.654396057128906, 32.6710319519043, 28.806011199951172, 30.17477035522461, 29.307432174682617
31.71861457824707, 31.583019256591797, 30.484474182128906, 30.34634017944336, 25.76832389831543
30.106550216674805, 29.047250747680664, 31.23563575744629, 29.758209228515625, 23.44842529296875
27.33876609802246, 29.118587493896484, 28.181987762451172, 30.58407974243164, 31.019535064697266
31.100317001342773, 31.461769104003906, 27.814769744873047, 31.809045791625977, 33.45206069946289
32.5400390625, 31.977336883544922, 26.872203826904297, 32.06489181518555, 33.022987365722656
32.271820068359375, 31.801048278808594, 26.979116439819336, 30.838531494140625, 31.685781478881836
31.974058151245117, 25.318744659423828, 26.670255661010742, 28.060382843017578, 28.82487678527832
30.698545455932617, 31.344449996948242, 31.968677520751953, 30.289812088012695, 30.296592712402344
31.19413185119629, 32.5182991027832, 30.6870059967041, 31.763994216918945, 32.55752182006836
32.13603210449219, 32.36716079711914, 30.549753189086914, 31.434654235839844, 32.04405975341797
32.3702278137207, 32.04609298706055, 30.126373291015625, 31.034820556640625, 31.77066421508789
31.434823989868164, 30.713298797607422, 29.9726505279541, 30.454986572265625, 30.192764282226562
32.545780181884766, 31.633216857910156, 31.656740188598633, 31.823101043701172, 30.925870895385742
32.478092193603516, 32.74669647216797, 31.761882781982422, 32.67543029785156, 32.538848876953125
31.997644424438477, 32.04570007324219, 31.023378372192383, 31.46019172668457, 32.197208404541016
32.35648727416992, 31.831148147583008, 30.906240463256836, 30.865930557250977, 31.769275665283203
31.86051368713379, 31.567901611328125, 31.371816635131836, 30.65390396118164, 31.32069969177246
31.996950149536133, 30.800498962402344, 28.824758529663086, 31.701995849609375, 29.71196746826172
32.40350341796875, 32.82011032104492, 30.985149383544922, 32.79798126220703, 32.291847229003906
31.74868392944336, 32.233642578125, 30.535676956176758, 31.34158706665039, 32.38349151611328
32.41976547241211, 32.03406524658203, 30.841337203979492, 30.8148193359375, 31.0618953704834
32.347591400146484, 31.344717025756836, 31.409561157226562, 30.701175689697266, 30.626176834106445
31.310504913330078, 29.17705535888672, 27.776453018188477, 31.46770668029785, 27.337848663330078
32.31589889526367, 32.619388580322266, 30.069734573364258, 32.35563659667969, 31.442832946777344
32.556575775146484, 32.625328063964844, 30.416183471679688, 31.423843383789062, 31.805397033691406
31.977392196655273, 32.26105880737305, 31.10251808166504, 30.95429229736328, 30.102758407592773
31.989572525024414, 30.818641662597656, 31.32779884338379, 30.649084091186523, 28.630102157592773
27.719181060791016, 27.884950637817383, 28.679500579833984, 30.418014526367188, 28.775165557861328
31.316102981567383, 30.929107666015625, 29.205671310424805, 31.63077163696289, 32.1995849609375
32.03337478637695, 31.407249450683594, 27.55568504333496, 30.56369400024414, 32.04975891113281
31.797649383544922, 30.176437377929688, 26.646764755249023, 29.38513946533203, 30.252822875976562
31.874114990234375, 26.60607147216797, 26.695146560668945, 28.141042709350586, 28.789566040039062
30.842998504638672, 30.484031677246094, 31.367746353149414, 30.43311309814453, 29.521915435791016
31.24298095703125, 31.268890380859375, 30.76979637145996, 31.20087242126465, 32.06992721557617
31.97214126586914, 32.6043815612793, 30.34406089782715, 30.813304901123047, 32.787254333496094
32.01262283325195, 32.279396057128906, 29.721342086791992, 30.91407012939453, 32.17936706542969
31.949007034301758, 30.831256866455078, 29.66814422607422, 30.598194122314453, 30.649505615234375
32.25483703613281, 30.53438377380371, 31.395862579345703, 30.076427459716797, 29.31578254699707
32.3560676574707, 31.94524574279785, 31.356122970581055, 31.184371948242188, 31.942440032958984
32.593116760253906, 32.55141830444336, 31.3371524810791, 31.580720901489258, 32.20576095581055
32.52802276611328, 32.31332015991211, 30.793275833129883, 31.288049697875977, 31.87970542907715
32.25725173950195, 32.223724365234375, 30.969619750976562, 31.821285247802734, 31.499820709228516
31.57487678527832, 29.81607437133789, 30.471649169921875, 29.891677856445312, 28.113779067993164
32.08012771606445, 31.852489471435547, 31.06162452697754, 30.898941040039062, 32.007102966308594
32.57975387573242, 32.0130729675293, 31.00111961364746, 31.213947296142578, 31.398929595947266
32.3846549987793, 31.277870178222656, 31.023401260375977, 31.06805419921875, 30.32223129272461
32.40385055541992, 31.072402954101562, 31.600927352905273, 31.662342071533203, 30.333999633789062
31.58348846435547, 29.62552261352539, 29.98946189880371, 30.668033599853516, 27.447755813598633
32.33312225341797, 31.534202575683594, 31.935518264770508, 31.340900421142578, 31.249671936035156
32.77152633666992, 33.04759979248047, 33.0965576171875, 32.343772888183594, 33.0680046081543
32.3759880065918, 31.387304306030273, 31.78892707824707, 31.40609359741211, 30.273778915405273
32.23780822753906, 30.381322860717773, 31.705839157104492, 31.25248908996582, 29.440876007080078
27.998441696166992, 28.41497039794922, 29.614927291870117, 31.239063262939453, 29.174020767211914
31.026735305786133, 31.799875259399414, 30.357263565063477, 31.513904571533203, 31.966777801513672
32.34717559814453, 32.219051361083984, 29.59343910217285, 30.83497428894043, 32.498497009277344
32.03611373901367, 30.264341354370117, 28.46482276916504, 29.249319076538086, 30.46531105041504
31.839101791381836, 26.9669189453125, 27.593381881713867, 27.551557540893555, 29.20904541015625
30.280426025390625, 30.10023307800293, 31.70696258544922, 31.36196517944336, 28.94527816772461
31.19988250732422, 31.816184997558594, 31.218263626098633, 31.186208724975586, 31.80048942565918
31.632081985473633, 32.72511672973633, 30.745981216430664, 31.055984497070312, 32.53722381591797
31.552982330322266, 32.12181091308594, 30.034997940063477, 30.86150360107422, 31.831417083740234
31.58234405517578, 31.332836151123047, 29.82533073425293, 30.78890609741211, 31.136709213256836
31.933774948120117, 30.346281051635742, 32.17224884033203, 31.242172241210938, 28.18299674987793
32.48735046386719, 32.22439956665039, 31.668292999267578, 31.23107147216797, 32.03280258178711
32.0471076965332, 32.54219436645508, 30.987781524658203, 31.360088348388672, 32.04048538208008
31.79412269592285, 32.21382522583008, 30.578157424926758, 31.398452758789062, 31.268022537231445
31.532608032226562, 31.60141944885254, 30.3806095123291, 31.448644638061523, 30.632808685302734
31.853498458862305, 30.150737762451172, 32.01200866699219, 30.472139358520508, 28.955970764160156
32.75592803955078, 31.48514175415039, 31.359209060668945, 30.944713592529297, 32.09775924682617
33.04021072387695, 32.065189361572266, 30.396772384643555, 30.94734001159668, 30.93606948852539
31.588024139404297, 30.765193939208984, 30.02523422241211, 31.010011672973633, 29.510345458984375
31.671184539794922, 30.52631187438965, 30.690900802612305, 31.823219299316406, 29.27572250366211
31.290380477905273, 30.0343017578125, 32.3569450378418, 30.468189239501953, 28.010334014892578
32.40988540649414, 31.089542388916016, 32.483890533447266, 31.137645721435547, 31.405263900756836
33.114585876464844, 32.17548370361328, 31.642253875732422, 31.378036499023438, 31.50987434387207
32.13528060913086, 30.431673049926758, 30.701181411743164, 31.104997634887695, 28.646453857421875
31.13458824157715, 29.16119384765625, 30.949291229248047, 31.44818115234375, 27.691057205200195
27.49437713623047, 28.44267463684082, 30.293241500854492, 30.915058135986328, 28.79351234436035
29.61201286315918, 30.9178524017334, 30.36846160888672, 30.52037811279297, 30.391109466552734
31.02267837524414, 31.534799575805664, 30.122413635253906, 30.324092864990234, 31.437660217285156
31.89472007751465, 29.033939361572266, 29.36174201965332, 28.380233764648438, 31.042247772216797
31.477731704711914, 24.43616485595703, 27.898481369018555, 26.262279510498047, 29.408166885375977
29.065122604370117, 29.213401794433594, 31.626220703125, 31.576332092285156, 27.99155044555664
29.763145446777344, 30.841930389404297, 30.86665153503418, 31.205698013305664, 29.90247344970703
30.17267417907715, 31.747364044189453, 30.47090721130371, 30.342548370361328, 31.131446838378906
30.84662628173828, 30.940319061279297, 30.290830612182617, 30.105653762817383, 31.283815383911133
31.202611923217773, 29.30010223388672, 30.25911521911621, 30.334243774414062, 30.40110206604004
31.164329528808594, 29.82231903076172, 32.229679107666016, 31.774351119995117, 26.7951602935791
31.062955856323242, 31.81380271911621, 31.543014526367188, 32.22976303100586, 30.54057502746582
30.861820220947266, 32.25117874145508, 30.5061092376709, 31.562183380126953, 31.29755401611328
30.223142623901367, 31.44397735595703, 30.148454666137695, 31.008529663085938, 30.474897384643555
31.042451858520508, 31.174272537231445, 30.70539093017578, 31.58115005493164, 29.916942596435547
31.623502731323242, 29.129243850708008, 31.965173721313477, 31.16985511779785, 26.681432723999023
31.89556121826172, 30.409730911254883, 31.150096893310547, 31.37355613708496, 29.80193519592285
32.2729606628418, 31.788843154907227, 30.41297149658203, 31.433048248291016, 30.92903709411621
31.16670036315918, 30.68852424621582, 30.14137840270996, 31.752111434936523, 29.35733985900879
30.776180267333984, 29.739749908447266, 30.227750778198242, 32.093040466308594, 28.254302978515625
30.758377075195312, 28.255773544311523, 32.30701446533203, 30.36808204650879, 26.780912399291992
32.12476348876953, 29.561931610107422, 32.00361251831055, 30.616378784179688, 30.240324020385742
32.90823745727539, 31.464216232299805, 31.030912399291992, 31.21857452392578, 30.154682159423828
31.65485954284668, 30.010297775268555, 30.3177433013916, 31.481401443481445, 28.239910125732422
30.554231643676758, 28.228425979614258, 30.28130340576172, 31.931108474731445, 26.49617576599121
26.127782821655273, 27.813838958740234, 28.7606258392334, 29.131256103515625, 22.49628448486328
29.127214431762695, 31.408382415771484, 26.33241081237793, 30.124252319335938, 28.582683563232422
31.299253463745117, 32.302772521972656, 24.594223022460938, 30.624805450439453, 30.271442413330078
32.319557189941406, 31.376441955566406, 25.57740592956543, 31.69240379333496, 29.54796600341797
31.53060531616211, 27.99811553955078, 26.497087478637695, 30.18563461303711, 27.475526809692383
29.12746238708496, 25.671348571777344, 29.75905418395996, 27.922264099121094, 21.34619140625
31.190763473510742, 29.946044921875, 28.86882209777832, 29.605043411254883, 25.439706802368164
31.55905532836914, 31.301319122314453, 28.0118465423584, 29.956893920898438, 28.53519058227539
31.61991310119629, 31.700210571289062, 27.83843421936035, 30.45870018005371, 30.147747039794922
31.159719467163086, 29.36332893371582, 28.920209884643555, 29.62451934814453, 28.631322860717773
32.01993942260742, 26.380840301513672, 30.1649169921875, 31.45647430419922, 23.68216323852539
32.90871047973633, 30.209007263183594, 31.812164306640625, 32.29215621948242, 25.644529342651367
32.17790603637695, 30.885698318481445, 30.07529640197754, 31.109966278076172, 28.63129425048828
31.223121643066406, 30.930580139160156, 29.827537536621094, 30.164064407348633, 28.782751083374023
31.181753158569336, 30.356189727783203, 30.33639144897461, 29.679092407226562, 27.892568588256836
31.37522315979004, 27.206222534179688, 29.661935806274414, 31.537229537963867, 26.18700408935547
32.59616470336914, 31.355979919433594, 31.30745506286621, 32.475868225097656, 27.542558670043945
33.192012786865234, 31.164472579956055, 31.06837272644043, 31.684825897216797, 27.28621482849121
31.451614379882812, 30.592241287231445, 30.819313049316406, 30.87517547607422, 26.700315475463867
31.14832878112793, 30.40502166748047, 31.592817306518555, 30.35112762451172, 24.58501625061035
31.25893211364746, 27.397489547729492, 27.015779495239258, 30.000516891479492, 28.089887619018555
32.09906005859375, 30.77538299560547, 27.36879539489746, 30.716320037841797, 28.235042572021484
33.175533294677734, 31.32282257080078, 29.240121841430664, 30.88587760925293, 27.205867767333984
31.753284454345703, 30.582504272460938, 30.389598846435547, 30.838512420654297, 25.256994247436523
30.371809005737305, 29.929691314697266, 31.38786506652832, 30.603445053100586, 22.93879508972168
25.78441047668457, 30.597185134887695, 26.86322593688965, 30.33388328552246, 31.699312210083008
29.640371322631836, 32.823577880859375, 24.91925048828125, 31.960315704345703, 34.819480895996094
32.962520599365234, 33.71949005126953, 25.8950138092041, 33.09177780151367, 33.62092208862305
32.82498550415039, 31.942920684814453, 25.458126068115234, 31.66116714477539, 31.13520050048828
32.31855773925781, 29.668746948242188, 25.88804054260254, 30.563199996948242, 29.4981746673584
28.250410079956055, 30.549341201782227, 29.65797233581543, 29.263412475585938, 29.953279495239258
31.087772369384766, 32.630836486816406, 29.339975357055664, 30.68501853942871, 32.450469970703125
32.3683967590332, 32.39313888549805, 29.138736724853516, 31.38971519470215, 32.440372467041016
32.568824768066406, 31.696426391601562, 28.99847412109375, 31.1943359375, 31.485694885253906
32.2880859375, 31.119483947753906, 29.570457458496094, 30.810894012451172, 30.740814208984375
32.58443069458008, 32.285709381103516, 32.16498947143555, 31.907135009765625, 31.657188415527344
32.659671783447266, 33.928951263427734, 32.554603576660156, 32.87949752807617, 33.11870193481445
32.498600006103516, 31.928226470947266, 31.36778450012207, 31.44051170349121, 32.3673210144043
32.661720275878906, 30.99497413635254, 30.589096069335938, 30.627853393554688, 31.605186462402344
32.155269622802734, 30.84386444091797, 30.664846420288086, 30.102420806884766, 30.925647735595703
31.928890228271484, 31.3945369720459, 30.440065383911133, 32.31325912475586, 31.459835052490234
32.195682525634766, 33.12007522583008, 31.51725959777832, 32.92878723144531, 32.91393280029297
32.58600997924805, 32.64448928833008, 31.204816818237305, 32.14290237426758, 34.15032196044922
32.86488723754883, 31.751079559326172, 31.2885799407959, 31.54759979248047, 31.594755172729492
32.433746337890625, 31.346744537353516, 31.13069725036621, 30.7669677734375, 30.245723724365234
31.24855613708496, 29.945423126220703, 27.77589225769043, 31.718130111694336, 30.272111892700195
31.79236602783203, 32.36002731323242, 30.023609161376953, 32.36784744262695, 32.26700973510742
32.85142517089844, 33.380313873291016, 31.25296974182129, 32.2811393737793, 33.5766487121582
32.27907180786133, 32.18552780151367, 31.69122886657715, 31.64056396484375, 30.542463302612305
31.54286003112793, 31.681812286376953, 31.3446102142334, 31.17864227294922, 28.1904296875
25.0926570892334, 29.476470947265625, 25.93766975402832, 30.59967041015625, 29.65473747253418
29.358829498291016, 32.07640075683594, 25.628454208374023, 31.749509811401367, 32.66946029663086
32.220123291015625, 32.58006286621094, 25.977800369262695, 31.88896942138672, 33.18592834472656
32.21381759643555, 30.99027442932129, 25.08119773864746, 30.82436752319336, 31.25687026977539
32.63658142089844, 30.19134521484375, 25.76430320739746, 30.751453399658203, 30.29041290283203
28.566383361816406, 29.78064727783203, 29.32977294921875, 29.48101806640625, 29.1005916595459
31.47696876525879, 32.3166389465332, 29.627620697021484, 30.91067123413086, 32.8726806640625
32.52535629272461, 32.81851577758789, 29.495874404907227, 31.460445404052734, 33.297306060791016
32.758384704589844, 32.0889892578125, 28.9693603515625, 31.397197723388672, 32.29304885864258
32.53569030761719, 31.179452896118164, 28.830751419067383, 31.227014541625977, 31.263837814331055
32.50536346435547, 30.94066619873047, 32.41598892211914, 30.02353286743164, 29.43967056274414
32.96649932861328, 32.162654876708984, 32.455665588378906, 31.15130615234375, 31.624113082885742
32.74403762817383, 31.79233169555664, 31.674070358276367, 31.270854949951172, 32.028629302978516
32.753753662109375, 31.53819465637207, 30.997955322265625, 31.27198600769043, 31.757585525512695
32.420040130615234, 31.569507598876953, 30.802831649780273, 31.447465896606445, 31.50571060180664
32.32040786743164, 31.250972747802734, 32.106056213378906, 30.55436897277832, 29.809690475463867
32.575191497802734, 32.2766227722168, 32.44916915893555, 31.573753356933594, 32.07225036621094
32.93012619018555, 32.0428466796875, 32.058345794677734, 31.73849105834961, 31.74070930480957
32.841373443603516, 30.967174530029297, 31.26291275024414, 31.783403396606445, 30.694482803344727
32.6040153503418, 30.76984214782715, 31.223031997680664, 31.35552406311035, 30.483116149902344
31.719255447387695, 30.158414840698242, 29.33558464050293, 30.610267639160156, 29.07010841369629
32.43789291381836, 31.641334533691406, 31.73243522644043, 32.02037811279297, 31.664894104003906
32.2496337890625, 32.526912689208984, 32.9284782409668, 32.32716369628906, 32.32989501953125
32.09635925292969, 31.100521087646484, 31.64332389831543, 31.681682586669922, 30.86431884765625
32.27593994140625, 31.231977462768555, 31.524459838867188, 31.748729705810547, 30.122900009155273
25.475156784057617, 29.145401000976562, 27.269344329833984, 30.855079650878906, 28.447368621826172
29.706642150878906, 32.59297561645508, 27.77477264404297, 32.178863525390625, 31.608413696289062
31.027315139770508, 32.679813385009766, 26.655420303344727, 31.671165466308594, 32.71367263793945
31.571470260620117, 32.065982818603516, 25.94822883605957, 31.136810302734375, 32.07251739501953
31.944833755493164, 30.585195541381836, 26.29804039001465, 30.522966384887695, 30.529132843017578
28.98954200744629, 29.301393508911133, 29.67813491821289, 29.776954650878906, 28.004966735839844
30.609922409057617, 31.81427001953125, 29.898460388183594, 30.726146697998047, 31.382726669311523
31.261545181274414, 32.994049072265625, 29.875873565673828, 31.587276458740234, 32.52841567993164
31.570209503173828, 32.72423553466797, 29.356639862060547, 31.534893035888672, 31.91742515563965
31.510507583618164, 31.66676139831543, 28.896512985229492, 31.120681762695312, 31.144027709960938
31.78373908996582, 29.34321403503418, 31.35706329345703, 29.761917114257812, 28.05768394470215
32.397056579589844, 31.389766693115234, 31.6975040435791, 30.369112014770508, 31.508377075195312
31.56816864013672, 31.70374298095703, 31.197330474853516, 31.10247802734375, 31.927640914916992
31.699745178222656, 31.71874237060547, 30.69413948059082, 31.22540283203125, 31.567745208740234
31.70943832397461, 31.381023406982422, 30.1818904876709, 31.37914276123047, 31.03375816345215
31.216644287109375, 29.33646011352539, 31.3160457611084, 29.216644287109375, 28.610815048217773
32.48417282104492, 31.387943267822266, 31.58085823059082, 30.33604621887207, 31.824474334716797
32.93305587768555, 31.345382690429688, 31.351476669311523, 31.27518653869629, 30.945327758789062
32.00758743286133, 30.55584144592285, 30.680177688598633, 31.438312530517578, 30.14729881286621
31.714170455932617, 30.185260772705078, 30.2854061126709, 31.28631591796875, 29.7630615234375
30.891477584838867, 30.184900283813477, 31.387144088745117, 29.767093658447266, 28.5423641204834
32.36231231689453, 31.621936798095703, 31.79317283630371, 30.955041885375977, 32.02289962768555
32.9470329284668, 31.724702835083008, 31.73860740661621, 31.871780395507812, 31.657779693603516
32.23588943481445, 30.3662052154541, 31.012271881103516, 31.582660675048828, 29.076194763183594
31.488283157348633, 29.55970573425293, 30.659889221191406, 31.44391441345215, 28.522489547729492
25.5054874420166, 29.350709915161133, 28.123506546020508, 31.42539405822754, 28.37852668762207
28.63554573059082, 32.46768569946289, 28.464908599853516, 32.06626510620117, 30.838088989257812
29.608945846557617, 32.4388313293457, 27.780576705932617, 31.471500396728516, 31.4320125579834
30.44162940979004, 31.3221435546875, 27.136667251586914, 30.61610984802246, 31.171785354614258
31.123058319091797, 29.739707946777344, 27.094837188720703, 30.015602111816406, 30.532194137573242
28.611967086791992, 29.90020751953125, 30.839757919311523, 31.49024200439453, 28.00374412536621
29.35866355895996, 31.75826644897461, 30.019100189208984, 31.529935836791992, 30.122249603271484
29.887361526489258, 32.467525482177734, 29.64771842956543, 31.360004425048828, 31.15760612487793
30.475200653076172, 31.82208251953125, 29.19451332092285, 31.29920768737793, 31.024917602539062
31.206130981445312, 31.700546264648438, 29.38509178161621, 31.439056396484375, 30.84561538696289
31.366188049316406, 29.02510643005371, 32.05873107910156, 30.93395233154297, 27.041061401367188
31.031681060791016, 30.47150993347168, 31.215909957885742, 31.33230209350586, 29.912527084350586
30.79509925842285, 31.73780632019043, 30.498750686645508, 31.41075325012207, 31.127010345458984
29.99875259399414, 31.279159545898438, 30.09074592590332, 31.405048370361328, 30.611724853515625
30.85793685913086, 31.498580932617188, 30.513290405273438, 31.648723602294922, 30.57295799255371
31.108102798461914, 28.59041976928711, 31.531400680541992, 29.913490295410156, 27.37474822998047
31.953752517700195, 29.848663330078125, 31.21593475341797, 30.404605865478516, 29.84354019165039
32.241390228271484, 31.28345489501953, 30.830516815185547, 31.109580993652344, 30.74247169494629
30.856046676635742, 30.100984573364258, 30.043384552001953, 31.317211151123047, 29.299314498901367
30.700096130371094, 29.827041625976562, 29.982118606567383, 31.47838020324707, 28.811147689819336
30.087383270263672, 28.672033309936523, 31.321481704711914, 29.46721649169922, 27.58510398864746
32.144596099853516, 30.35917091369629, 31.639692306518555, 30.541912078857422, 31.54181480407715
32.87107467651367, 31.23104476928711, 30.911375045776367, 31.170299530029297, 30.47332763671875
31.535123825073242, 29.827484130859375, 30.14532470703125, 31.635799407958984, 28.701496124267578
30.606290817260742, 29.210594177246094, 30.138118743896484, 31.879526138305664, 27.671192169189453
23.589994430541992, 25.69247055053711, 29.769086837768555, 30.347896575927734, 17.102588653564453
26.756582260131836, 30.27229881286621, 27.63701629638672, 31.642105102539062, 23.73516845703125
28.677324295043945, 32.04751205444336, 25.086814880371094, 31.568588256835938, 27.295364379882812
31.29385757446289, 33.08647537231445, 25.0733699798584, 32.25043869018555, 28.80878257751465
31.452547073364258, 31.069381713867188, 26.433244705200195, 31.64584732055664, 27.529695510864258
26.647218704223633, 23.463253021240234, 31.256235122680664, 28.839988708496094, 15.072639465332031
29.123363494873047, 29.32843780517578, 30.296066284179688, 30.595632553100586, 21.700759887695312
29.889619827270508, 30.857913970947266, 27.686695098876953, 30.777360916137695, 25.223648071289062
31.454626083374023, 32.26974105834961, 28.08664321899414, 31.627042770385742, 28.097373962402344
31.157670974731445, 31.467483520507812, 27.80516815185547, 30.864328384399414, 28.728404998779297
31.792863845825195, 25.341976165771484, 32.56864547729492, 33.05946350097656, 18.945831298828125
31.633363723754883, 29.287857055664062, 32.90751266479492, 32.4443359375, 21.236024856567383
31.731046676635742, 30.842512130737305, 30.721691131591797, 32.604522705078125, 25.24113655090332
31.101659774780273, 30.77676010131836, 29.77915382385254, 31.47662353515625, 26.711265563964844
30.93717384338379, 30.71708106994629, 29.988441467285156, 30.608688354492188, 27.44329833984375
31.969579696655273, 26.971668243408203, 32.06903839111328, 37.393802642822266, 21.52434539794922
33.292850494384766, 30.859493255615234, 36.60257339477539, 35.291046142578125, 22.72443962097168
32.73580551147461, 31.071205139160156, 33.651390075683594, 34.03275680541992, 24.953344345092773
31.332632064819336, 30.689462661743164, 31.959230422973633, 32.38890838623047, 25.816926956176758
30.479074478149414, 30.231666564941406, 31.55191993713379, 31.193092346191406, 24.0948429107666
31.426244735717773, 27.235458374023438, 31.911436080932617, 33.0372428894043, 24.399330139160156
31.804262161254883, 30.122066497802734, 32.543949127197266, 32.43671798706055, 24.18220329284668
32.709712982177734, 30.62946319580078, 32.270957946777344, 32.352909088134766, 23.77360725402832
31.547914505004883, 30.429040908813477, 31.76712989807129, 32.00560760498047, 24.40806770324707
30.377361297607422, 29.675844192504883, 31.609943389892578, 31.548070907592773, 22.26552391052246
23.574506759643555, 30.2197208404541, 25.924531936645508, 30.10007667541504, 31.772701263427734
27.145219802856445, 32.894996643066406, 24.223995208740234, 32.32955551147461, 35.919837951660156
29.73494529724121, 32.39218521118164, 22.95823097229004, 32.29386901855469, 33.131797790527344
32.08542251586914, 32.130035400390625, 23.97099494934082, 31.793746948242188, 30.38905143737793
31.82169532775879, 30.934280395507812, 24.611719131469727, 31.419631958007812, 28.889352798461914
27.664268493652344, 31.113937377929688, 29.84490203857422, 29.817169189453125, 31.00667381286621
28.971755981445312, 32.422367095947266, 28.030685424804688, 30.349651336669922, 33.21811294555664
30.757883071899414, 31.698028564453125, 27.603689193725586, 30.745452880859375, 31.932064056396484
31.677234649658203, 31.7872257232666, 27.3853816986084, 31.031448364257812, 31.22742462158203
31.981908798217773, 31.173389434814453, 27.54430389404297, 31.060199737548828, 29.999265670776367
32.45726013183594, 32.522830963134766, 31.7010498046875, 31.858715057373047, 32.51304244995117
32.04094696044922, 33.0594482421875, 31.33145523071289, 32.2567024230957, 33.09920883178711
31.426549911499023, 31.984363555908203, 30.726293563842773, 31.0855712890625, 32.13460159301758
31.899404525756836, 31.528188705444336, 30.160409927368164, 31.067968368530273, 31.826852798461914
32.00336456298828, 30.738006591796875, 29.608552932739258, 30.495508193969727, 31.071895599365234
31.785337448120117, 31.088098526000977, 31.062318801879883, 32.46914291381836, 31.687713623046875
31.642032623291016, 32.81595993041992, 32.37221145629883, 33.087337493896484, 32.635318756103516
32.42659378051758, 32.63488006591797, 32.43302917480469, 32.53767776489258, 32.705631256103516
32.34249496459961, 31.634593963623047, 31.54389762878418, 31.52383804321289, 30.957246780395508
32.01011276245117, 30.812564849853516, 30.850753784179688, 30.61238670349121, 29.830820083618164
30.50194549560547, 30.03728485107422, 30.13802146911621, 31.493412017822266, 30.977312088012695
30.675127029418945, 32.54863357543945, 31.398557662963867, 32.45815658569336, 32.21533966064453
32.25543975830078, 32.90902328491211, 32.02268981933594, 32.4739990234375, 32.866355895996094
32.22221374511719, 32.112144470214844, 31.82309913635254, 32.14743423461914, 30.696313858032227
31.54949188232422, 31.22443389892578, 31.81846046447754, 31.93601417541504, 28.125789642333984
22.29448127746582, 29.87574005126953, 24.073177337646484, 30.789615631103516, 31.158435821533203
26.145963668823242, 30.98938751220703, 22.252056121826172, 31.200834274291992, 32.295249938964844
30.83083152770996, 31.620254516601562, 23.492000579833984, 31.759490966796875, 32.8884391784668
33.3667106628418, 31.6861629486084, 24.4032039642334, 32.23369598388672, 32.362735748291016
33.508914947509766, 30.188350677490234, 24.50666618347168, 31.689258575439453, 30.852989196777344
26.445053100585938, 29.65296173095703, 27.755552291870117, 29.656816482543945, 29.71649169921875
29.762977600097656, 32.863426208496094, 27.754009246826172, 30.991674423217773, 34.70677947998047
32.042240142822266, 32.03141403198242, 27.94845962524414, 31.374969482421875, 33.18675994873047
33.34523010253906, 31.52294921875, 27.547452926635742, 31.684993743896484, 32.35131072998047
32.99140930175781, 30.04986572265625, 27.418947219848633, 31.469867706298828, 30.778425216674805
31.56720542907715, 31.633609771728516, 32.848236083984375, 30.99869155883789, 29.924407958984375
32.65964889526367, 32.81315994262695, 32.800601959228516, 31.06888198852539, 32.24949645996094
32.46175003051758, 32.11790084838867, 31.776243209838867, 31.292194366455078, 32.71025466918945
32.84260177612305, 31.275501251220703, 31.003061294555664, 31.43357276916504, 31.803524017333984
32.44099807739258, 30.1279296875, 30.13419532775879, 31.021926879882812, 30.78295135498047
33.154693603515625, 32.94808578491211, 36.387760162353516, 32.047306060791016, 30.984134674072266
32.812076568603516, 33.320274353027344, 35.53242874145508, 32.175846099853516, 32.125648498535156
33.29244613647461, 33.092445373535156, 34.60758590698242, 32.38871765136719, 32.59572219848633
32.83517074584961, 31.565900802612305, 32.35639953613281, 31.978302001953125, 31.225061416625977
32.470855712890625, 30.80705451965332, 31.130186080932617, 31.507843017578125, 30.819257736206055
31.988906860351562, 31.34522819519043, 31.464126586914062, 31.61788558959961, 30.846054077148438
32.11146545410156, 31.984148025512695, 32.58079528808594, 32.2325325012207, 31.690879821777344
31.953800201416016, 32.38663864135742, 32.99480438232422, 32.24148178100586, 32.051883697509766
32.20820617675781, 31.83174705505371, 32.35572814941406, 32.200069427490234, 31.502159118652344
32.47566223144531, 30.921886444091797, 31.51861572265625, 32.325565338134766, 30.83381462097168
22.49928092956543, 28.628528594970703, 24.037500381469727, 30.543973922729492, 28.84844207763672
26.533967971801758, 30.920278549194336, 23.372270584106445, 31.694299697875977, 31.280513763427734
30.67234230041504, 31.866559982299805, 24.53188705444336, 32.06951904296875, 33.00877380371094
31.48832893371582, 31.092851638793945, 23.855371475219727, 31.61412811279297, 32.25558853149414
32.27226257324219, 30.2071590423584, 24.406137466430664, 31.388595581054688, 31.03177833557129
26.409515380859375, 28.15484619140625, 27.516902923583984, 28.621139526367188, 27.74441146850586
29.927085876464844, 31.554933547973633, 28.235445022583008, 30.570751190185547, 31.78706169128418
31.29199981689453, 31.982938766479492, 28.117387771606445, 31.558094024658203, 32.6833381652832
31.98895835876465, 32.20233154296875, 27.830486297607422, 32.316707611083984, 32.874263763427734
31.96515655517578, 31.109737396240234, 27.576868057250977, 31.82028579711914, 31.464466094970703
30.97548484802246, 29.092994689941406, 31.402009963989258, 28.783580780029297, 27.461196899414062
32.16544723510742, 31.258516311645508, 31.81767463684082, 29.71036720275879, 31.35479736328125
31.53398323059082, 31.316776275634766, 31.31478500366211, 30.29442596435547, 31.649856567382812
31.80974578857422, 31.36016845703125, 30.876367568969727, 31.172393798828125, 31.901039123535156
32.05872344970703, 31.039016723632812, 30.458194732666016, 31.457035064697266, 31.55801773071289
31.81603240966797, 30.271465301513672, 33.09830856323242, 29.531970977783203, 29.560665130615234
32.20515060424805, 31.181354522705078, 32.9188117980957, 30.090049743652344, 31.253684997558594
32.435577392578125, 31.604007720947266, 32.38603591918945, 31.049076080322266, 31.236835479736328
31.795679092407227, 30.57461929321289, 31.06913948059082, 31.250568389892578, 30.79011344909668
31.88191032409668, 30.387306213378906, 30.85769271850586, 31.50419807434082, 30.54119873046875
31.32395362854004, 31.12969970703125, 32.282047271728516, 29.94133949279785, 29.77569007873535
31.778345108032227, 31.285274505615234, 32.5167350769043, 30.736404418945312, 31.35700798034668
32.15970230102539, 31.69841766357422, 32.42926025390625, 31.514827728271484, 31.36287498474121
32.133296966552734, 30.890243530273438, 31.794904708862305, 32.09113693237305, 30.112091064453125
31.762975692749023, 29.86553382873535, 31.283567428588867, 32.409454345703125, 29.47433853149414
22.581300735473633, 28.941883087158203, 25.538164138793945, 30.672988891601562, 27.350818634033203
26.6778564453125, 32.22293472290039, 25.883394241333008, 32.41920471191406, 30.5051326751709
29.005348205566406, 32.0428581237793, 25.621870040893555, 32.798561096191406, 31.83681297302246
30.511735916137695, 31.770200729370117, 25.100751876831055, 32.26375198364258, 32.42613220214844
31.395231246948242, 31.239030838012695, 25.075578689575195, 31.987138748168945, 31.65843963623047
26.366893768310547, 28.389972686767578, 28.475942611694336, 29.63056182861328, 26.688915252685547
28.732614517211914, 31.440587997436523, 29.110803604125977, 30.901519775390625, 29.950021743774414
29.506610870361328, 31.719459533691406, 28.712858200073242, 31.920639038085938, 31.27600860595703
30.661376953125, 32.0224609375, 28.621339797973633, 32.18665313720703, 31.688085556030273
31.479761123657227, 31.838714599609375, 28.719125747680664, 32.37289047241211, 31.31071662902832
30.738094329833984, 28.711456298828125, 30.994266510009766, 29.50444793701172, 27.145774841308594
30.956674575805664, 30.995149612426758, 31.088069915771484, 30.435148239135742, 30.178890228271484
31.006074905395508, 31.806230545043945, 31.27654266357422, 31.58818817138672, 31.57817268371582
30.580196380615234, 31.747547149658203, 30.72455596923828, 32.0278205871582, 31.323490142822266
30.839204788208008, 31.22842025756836, 30.280773162841797, 31.982078552246094, 30.853736877441406
30.946346282958984, 28.736095428466797, 31.907766342163086, 29.32292938232422, 28.35591697692871
31.924999237060547, 30.440074920654297, 31.834638595581055, 29.93183135986328, 30.182558059692383
31.62575912475586, 31.065418243408203, 31.631990432739258, 30.887462615966797, 30.931053161621094
30.694368362426758, 30.270679473876953, 30.530963897705078, 31.213289260864258, 30.07620620727539
30.625659942626953, 30.092205047607422, 30.263242721557617, 31.534236907958984, 29.608280181884766
30.672060012817383, 29.759790420532227, 32.16178512573242, 29.67609214782715, 28.990819931030273
32.08423614501953, 31.23062515258789, 32.391414642333984, 30.322269439697266, 32.04844665527344
32.25492858886719, 31.516511917114258, 31.942075729370117, 31.461402893066406, 31.109724044799805
31.313003540039062, 29.937681198120117, 30.99883270263672, 31.641183853149414, 29.378549575805664
30.128511428833008, 28.791751861572266, 30.090917587280273, 31.684669494628906, 28.261716842651367
