# AI L, AI R, O L, O R, swap, L L, L R, R R, R L
0.0, 0.0, 0.0, 1.0, 0.0, 0.0, 0.0, 0.0, 0.0
0.0, 0.0, 0.0, 2.0, 0.0, 0.0, 0.0, 0.0, 0.0
0.0, 0.0, 0.0, 3.0, 0.0, 0.0, 0.0, 0.0, 0.0
0.0, 0.0, 0.0, 4.0, 0.0, 0.0, 0.0, 0.0, 0.0
0.0, 0.0, 1.0, 0.0, 0.0, 0.0, 0.0, 0.0, 0.0
0.0, 0.0, 1.0, 1.0, 0.0, 0.0, 0.0, 0.0, 0.0
0.0, 0.0, 1.0, 2.0, 0.0, 0.0, 0.0, 0.0, 0.0
0.0, 0.0, 1.0, 3.0, 0.0, 0.0, 0.0, 0.0, 0.0
0.0, 0.0, 1.0, 4.0, 0.0, 0.0, 0.0, 0.0, 0.0
0.0, 0.0, 2.0, 0.0, 0.0, 0.0, 0.0, 0.0, 0.0
0.0, 0.0, 2.0, 1.0, 0.0, 0.0, 0.0, 0.0, 0.0
0.0, 0.0, 2.0, 2.0, 0.0, 0.0, 0.0, 0.0, 0.0
0.0, 0.0, 2.0, 3.0, 0.0, 0.0, 0.0, 0.0, 0.0
0.0, 0.0, 2.0, 4.0, 0.0, 0.0, 0.0, 0.0, 0.0
0.0, 0.0, 3.0, 0.0, 0.0, 0.0, 0.0, 0.0, 0.0
0.0, 0.0, 3.0, 1.0, 0.0, 0.0, 0.0, 0.0, 0.0
0.0, 0.0, 3.0, 2.0, 0.0, 0.0, 0.0, 0.0, 0.0
0.0, 0.0, 3.0, 3.0, 0.0, 0.0, 0.0, 0.0, 0.0
0.0, 0.0, 3.0, 4.0, 0.0, 0.0, 0.0, 0.0, 0.0
0.0, 0.0, 4.0, 0.0, 0.0, 0.0, 0.0, 0.0, 0.0
0.0, 0.0, 4.0, 1.0, 0.0, 0.0, 0.0, 0.0, 0.0
0.0, 0.0, 4.0, 2.0, 0.0, 0.0, 0.0, 0.0, 0.0
0.0, 0.0, 4.0, 3.0, 0.0, 0.0, 0.0, 0.0, 0.0
0.0, 0.0, 4.0, 4.0, 0.0, 0.0, 0.0, 0.0, 0.0
0.0, 1.0, 0.0, 0.0, 0.0, 0.0, 0.0, 0.0, 0.0
0.0, 1.0, 0.0, 1.0, 0.0, 0.36172676216951993, 0.0, 2.9068077554117076, 0.0
0.0, 1.0, 0.0, 2.0, 1.7504047242, 1.3851786334, 0.0, 2.5665637109914976, 0.0
0.0, 1.0, 0.0, 3.0, 0.0, 2.777439639252899, 0.0, 2.1267276315569297, 0.0
0.0, 1.0, 0.0, 4.0, 1.9696230758465871, -0.014000000000000012, 0.0, 7.066954936922027, 0.0
0.0, 1.0, 1.0, 0.0, 0.0, 0.0, 0.36172676216951993, 0.0, 2.9068077554117076
0.0, 1.0, 1.0, 1.0, 0.0, 0.0, 0.288684, 1.18366974, 0.9851886
0.0, 1.0, 1.0, 2.0, 0.0, 0.0, 0.7524000000000001, 2.6115166279741637, 2.39722882965467
0.0, 1.0, 1.0, 3.0, 0.0, -0.05, 0.5683, 1.9331434672231174, 3.087965067963721
0.0, 1.0, 1.0, 4.0, 0.0, -0.0020000000000000018, 0.815364, 1.443916035, 1.8975079722182349
0.0, 1.0, 2.0, 0.0, 1.7504047242, 0.0, 1.3851786334, 0.0, 2.5665637109914976
0.0, 1.0, 2.0, 1.0, 0.0, 0.7524000000000001, 0.0, 2.39722882965467, 2.6115166279741637
0.0, 1.0, 2.0, 2.0, 0.0, 1.301426167, 1.8863996757430002, 2.501676239236242, 2.4496402658180467
0.0, 1.0, 2.0, 3.0, 0.0, 1.8106755223720963, 2.0150462461739993, 2.234284425029972, 1.4764991268965393
0.0, 1.0, 2.0, 4.0, 0.0, 0.0, 0.049, 1.4445580982000001, 2.247108085689052
0.0, 1.0, 3.0, 0.0, 0.0, 0.0, 2.777439639252899, 0.0, 2.1267276315569297
0.0, 1.0, 3.0, 1.0, 0.0, 0.5683, -0.05, 3.087965067963721, 1.9331434672231174
0.0, 1.0, 3.0, 2.0, 0.0, 2.0150462461739993, 1.8106755223720963, 1.4764991268965393, 2.234284425029972
0.0, 1.0, 3.0, 3.0, 0.0, 0.77028831, 0.77028831, 3.0566532854074766, 3.0566532854074766
0.0, 1.0, 3.0, 4.0, 0.0, -0.013000000000000012, 1.2422965381398001, 0.76170382, 2.0239095942439875
0.0, 1.0, 4.0, 0.0, 1.9696230758465871, 0.0, -0.014000000000000012, 0.0, 7.066954936922027
0.0, 1.0, 4.0, 1.0, 0.0, 0.815364, -0.0020000000000000018, 1.8975079722182349, 1.443916035
0.0, 1.0, 4.0, 2.0, 0.0, 0.049, 0.0, 2.247108085689052, 1.4445580982000001
0.0, 1.0, 4.0, 3.0, 0.0, 1.2422965381398001, -0.013000000000000012, 2.0239095942439875, 0.76170382
0.0, 1.0, 4.0, 4.0, 0.0, 0.0, -0.0020000000000000018, 1.814933527350366, 1.814933527350366
0.0, 2.0, 0.0, 0.0, 0.0, 0.0, 0.0, 0.0, 0.0
0.0, 2.0, 0.0, 1.0, 2.5731110306381066, 0.6494, 0.0, 1.30465528175641, 0.0
0.0, 2.0, 0.0, 2.0, 0.18908801999999997, 0.0, 0.0, 0.596552, 0.0
0.0, 2.0, 0.0, 3.0, 2.1296157857938707, -0.013000000000000012, 0.0, 18.12231470827336, 0.0
0.0, 2.0, 0.0, 4.0, 0.14627276971909592, -0.095, 0.0, 0.7718518386570394, 0.0
0.0, 2.0, 1.0, 0.0, 2.5731110306381066, 0.0, 0.6494, 0.0, 1.30465528175641
0.0, 2.0, 1.0, 1.0, 9.77033305299533, 0.778041, 1.0962369, 0.9001543304164501, 0.9001543304164501
0.0, 2.0, 1.0, 2.0, 0.4554, -0.1355, 0.2713, 0.58221333, 1.9172179315031237
0.0, 2.0, 1.0, 3.0, 0.7768062214397834, 0.141, 0.198, 0.26397, 0.8594383748974674
0.0, 2.0, 1.0, 4.0, 0.73359, 2.134186480873648, 0.5544, 0.8844106, 1.251003469675114
0.0, 2.0, 2.0, 0.0, 0.18908801999999997, 0.0, 0.0, 0.0, 0.596552
0.0, 2.0, 2.0, 1.0, 0.4554, 0.2713, -0.1355, 1.9172179315031237, 0.58221333
0.0, 2.0, 2.0, 2.0, 2.250153675455583, 0.0, 0.0, 1.9005326598172656, 1.7104793938355392
0.0, 2.0, 2.0, 3.0, 1.0641814278651744, -0.0010000000000000009, 0.297, 0.99280511, 1.9421906886232665
0.0, 2.0, 2.0, 4.0, 1.72088567046, 0.0, 0.4851, 1.1565341444673332, 0.321142338
0.0, 2.0, 3.0, 0.0, 2.1296157857938707, 0.0, -0.013000000000000012, 0.0, 18.12231470827336
0.0, 2.0, 3.0, 1.0, 0.7768062214397834, 0.198, 0.141, 0.8594383748974674, 0.26397
0.0, 2.0, 3.0, 2.0, 1.0641814278651744, 0.297, -0.0010000000000000009, 1.9421906886232665, 0.99280511
0.0, 2.0, 3.0, 3.0, 1.432031782686401, 0.0, 0.0, 2.9234822905485656, 2.9234822905485656
0.0, 2.0, 3.0, 4.0, 0.6551847898829595, 0.631834519, -0.01100000000000001, 0.8696525292874293, 2.735784970186963
0.0, 2.0, 4.0, 0.0, 0.14627276971909592, 0.0, -0.095, 0.0, 0.7718518386570394
0.0, 2.0, 4.0, 1.0, 0.73359, 0.5544, 2.134186480873648, 1.251003469675114, 0.8844106
0.0, 2.0, 4.0, 2.0, 1.72088567046, 0.4851, 0.0, 0.321142338, 1.1565341444673332
0.0, 2.0, 4.0, 3.0, 0.6551847898829595, -0.01100000000000001, 0.631834519, 2.735784970186963, 0.8696525292874293
0.0, 2.0, 4.0, 4.0, 0.70945247736, 0.0, 1.117723, 1.8004948678877106, 1.8004948678877106
0.0, 3.0, 0.0, 0.0, 0.0, 0.0, 0.0, 0.0, 0.0
0.0, 3.0, 0.0, 1.0, 0.0, 1.22989493092792, 0.0, 2.8163456908391455, 0.0
0.0, 3.0, 0.0, 2.0, 2.2338478907724575, -0.010000000000000009, 0.0, 22.474281539856435, 0.0
0.0, 3.0, 0.0, 3.0, 0.0, 1.99824035598, 0.0, 3.8178401234079087, 0.0
0.0, 3.0, 0.0, 4.0, 1.3223705268590102, 1.08215315348, 0.0, 2.6349488658272238, 0.0
0.0, 3.0, 1.0, 0.0, 0.0, 0.0, 1.22989493092792, 0.0, 2.8163456908391455
0.0, 3.0, 1.0, 1.0, 0.0, -0.095, -0.095, 2.310697952126356, 2.4583663412223484
0.0, 3.0, 1.0, 2.0, 0.0, -0.0020000000000000018, -0.05, 3.2095165243166135, 0.947345402391333
0.0, 3.0, 1.0, 3.0, 0.0, 1.2162446999999998, -0.20475500000000002, 2.1403800000001847, 1.5769101683397675
0.0, 3.0, 1.0, 4.0, 0.0, 1.3575761100000001, 0.47137, 1.0685301138099241, 2.0931914454128626
0.0, 3.0, 2.0, 0.0, 2.2338478907724575, 0.0, -0.010000000000000009, 0.0, 22.474281539856435
0.0, 3.0, 2.0, 1.0, 0.0, -0.05, -0.0020000000000000018, 0.947345402391333, 3.2095165243166135
0.0, 3.0, 2.0, 2.0, 0.0, -0.019000000000000017, -0.019000000000000017, 2.7840204641817126, 2.7840204641817126
0.0, 3.0, 2.0, 3.0, 0.0, 1.7079633880735179, -0.0040000000000000036, 2.156456828367508, 2.6996693244282057
0.0, 3.0, 2.0, 4.0, 0.0, 0.99297, -0.0030000000000000027, 1.2178299304058844, 2.7131435713750753
0.0, 3.0, 3.0, 0.0, 0.0, 0.0, 1.99824035598, 0.0, 3.8178401234079087
0.0, 3.0, 3.0, 1.0, 0.0, -0.20475500000000002, 1.2162446999999998, 1.5769101683397675, 2.1403800000001847
0.0, 3.0, 3.0, 2.0, 0.0, -0.0040000000000000036, 1.7079633880735179, 2.6996693244282057, 2.156456828367508
0.0, 3.0, 3.0, 3.0, 0.0, 2.9421736298064904, 2.9421736298064904, 0.26829000000000003, 0.26829000000000003
0.0, 3.0, 3.0, 4.0, 0.0, -0.02760800000000002, 0.9376599999999999, 2.16059695593679, 0.74083306657
0.0, 3.0, 4.0, 0.0, 1.3223705268590102, 0.0, 1.08215315348, 0.0, 2.6349488658272238
0.0, 3.0, 4.0, 1.0, 0.0, 0.47137, 1.3575761100000001, 2.0931914454128626, 1.0685301138099241
0.0, 3.0, 4.0, 2.0, 0.0, -0.0030000000000000027, 0.99297, 2.7131435713750753, 1.2178299304058844
0.0, 3.0, 4.0, 3.0, 0.0, 0.9376599999999999, -0.02760800000000002, 0.74083306657, 2.16059695593679
0.0, 3.0, 4.0, 4.0, 0.0, 0.0, 0.6633, 2.2513674789501152, 1.8505771345063151
0.0, 4.0, 0.0, 0.0, 0.0, 0.0, 0.0, 0.0, 0.0
0.0, 4.0, 0.0, 1.0, 10.501793203045091, -0.04500000000000004, 0.0, 2.152875962932684, 0.0
0.0, 4.0, 0.0, 2.0, 0.04263072161346547, 0.0, 0.0, 0.041800370231362134, 0.0
0.0, 4.0, 0.0, 3.0, 1.9668746953411027, 4.426706663129401, 0.0, 0.7785822808351907, 0.0
0.0, 4.0, 0.0, 4.0, 0.312741, 0.0, 0.0, 0.0, 0.0
0.0, 4.0, 1.0, 0.0, 10.501793203045091, 0.0, -0.04500000000000004, 0.0, 2.152875962932684
0.0, 4.0, 1.0, 1.0, 5.34458405221338, -0.0010000000000000009, -0.0010000000000000009, 1.444198198, 0.9713558
0.0, 4.0, 1.0, 2.0, 1.727517517338994, 0.7524000000000001, 0.0, 0.7088200122999999, 0.1922417
0.0, 4.0, 1.0, 3.0, 0.601148763260277, 0.1723, 0.0, -0.095, 1.8354793912927772
0.0, 4.0, 1.0, 4.0, 0.6534, 1.7826130842020262, -0.0010000000000000009, 0.11250000000000002, -0.003700000000000003
0.0, 4.0, 2.0, 0.0, 0.04263072161346547, 0.0, 0.0, 0.0, 0.041800370231362134
0.0, 4.0, 2.0, 1.0, 1.727517517338994, 0.0, 0.7524000000000001, 0.1922417, 0.7088200122999999
0.0, 4.0, 2.0, 2.0, 0.7253145278307812, 0.099, 0.3861, 0.6614059714121854, 0.6614059714121854
0.0, 4.0, 2.0, 3.0, 0.53559, 0.41571621266611, 1.4665264500583775, 1.5881146081805677, 2.9248913639122653
0.0, 4.0, 2.0, 4.0, 0.0, 0.5089899999999999, 0.0, 0.297, 1.1089250283613945
0.0, 4.0, 3.0, 0.0, 1.9668746953411027, 0.0, 4.426706663129401, 0.0, 0.7785822808351907
0.0, 4.0, 3.0, 1.0, 0.601148763260277, 0.0, 0.1723, 1.8354793912927772, -0.095
0.0, 4.0, 3.0, 2.0, 0.53559, 1.4665264500583775, 0.41571621266611, 2.9248913639122653, 1.5881146081805677
0.0, 4.0, 3.0, 3.0, 0.9277468200000001, -0.095, -0.17195000000000002, 3.074673487469575, 3.074673487469575
0.0, 4.0, 3.0, 4.0, 1.7185140777816001, 1.257656499, 0.3703, 2.862236524031627, 2.178468610259166
0.0, 4.0, 4.0, 0.0, 0.312741, 0.0, 0.0, 0.0, 0.0
0.0, 4.0, 4.0, 1.0, 0.6534, -0.0010000000000000009, 1.7826130842020262, -0.003700000000000003, 0.11250000000000002
0.0, 4.0, 4.0, 2.0, 0.0, 0.0, 0.5089899999999999, 1.1089250283613945, 0.297
0.0, 4.0, 4.0, 3.0, 1.7185140777816001, 0.3703, 1.257656499, 2.178468610259166, 2.862236524031627
0.0, 4.0, 4.0, 4.0, 0.0, 0.0, 0.396, 2.9197232099597596, 2.6277508889637837
1.0, 0.0, 0.0, 0.0, 0.0, 0.0, 0.0, 0.0, 0.0
1.0, 0.0, 0.0, 1.0, 0.0, 0.0, 2.9068077554117076, 0.0, 0.36172676216951993
1.0, 0.0, 0.0, 2.0, 1.7504047242, 0.0, 2.5665637109914976, 0.0, 1.3851786334
1.0, 0.0, 0.0, 3.0, 0.0, 0.0, 2.1267276315569297, 0.0, 2.777439639252899
1.0, 0.0, 0.0, 4.0, 1.9696230758465871, 0.0, 7.066954936922027, 0.0, -0.014000000000000012
1.0, 0.0, 1.0, 0.0, 0.0, 2.9068077554117076, 0.0, 0.36172676216951993, 0.0
1.0, 0.0, 1.0, 1.0, 0.0, 1.18366974, 1.18366974, 0.288684, 0.288684
1.0, 0.0, 1.0, 2.0, 0.0, 2.39722882965467, 2.6115166279741637, 0.7524000000000001, 0.0
1.0, 0.0, 1.0, 3.0, 0.0, 3.087965067963721, 1.9331434672231174, 0.5683, -0.05
1.0, 0.0, 1.0, 4.0, 0.0, 1.8975079722182349, 1.443916035, 0.815364, -0.0020000000000000018
1.0, 0.0, 2.0, 0.0, 1.7504047242, 2.5665637109914976, 0.0, 1.3851786334, 0.0
1.0, 0.0, 2.0, 1.0, 0.0, 2.6115166279741637, 2.39722882965467, 0.0, 0.7524000000000001
1.0, 0.0, 2.0, 2.0, 0.0, 2.501676239236242, 2.501676239236242, 1.8863996757430002, 1.8863996757430002
1.0, 0.0, 2.0, 3.0, 0.0, 1.4764991268965393, 2.234284425029972, 2.0150462461739993, 1.8106755223720963
1.0, 0.0, 2.0, 4.0, 0.0, 2.247108085689052, 1.4445580982000001, 0.049, 0.0
1.0, 0.0, 3.0, 0.0, 0.0, 2.1267276315569297, 0.0, 2.777439639252899, 0.0
1.0, 0.0, 3.0, 1.0, 0.0, 1.9331434672231174, 3.087965067963721, -0.05, 0.5683
1.0, 0.0, 3.0, 2.0, 0.0, 2.234284425029972, 1.4764991268965393, 1.8106755223720963, 2.0150462461739993
1.0, 0.0, 3.0, 3.0, 0.0, 3.0566532854074766, 3.132836983786085, 0.0, 0.77028831
1.0, 0.0, 3.0, 4.0, 0.0, 2.0239095942439875, 0.76170382, 1.2422965381398001, -0.013000000000000012
1.0, 0.0, 4.0, 0.0, 1.9696230758465871, 7.066954936922027, 0.0, -0.014000000000000012, 0.0
1.0, 0.0, 4.0, 1.0, 0.0, 1.443916035, 1.8975079722182349, -0.0020000000000000018, 0.815364
1.0, 0.0, 4.0, 2.0, 0.0, 1.4445580982000001, 2.247108085689052, 0.0, 0.049
1.0, 0.0, 4.0, 3.0, 0.0, 0.76170382, 2.0239095942439875, -0.013000000000000012, 1.2422965381398001
1.0, 0.0, 4.0, 4.0, 0.0, 1.814933527350366, 1.794498181914032, -0.0020000000000000018, -0.0020000000000000018
1.0, 1.0, 0.0, 0.0, 0.0, 0.0, 0.0, 0.0, 0.0
1.0, 1.0, 0.0, 1.0, 0.0, 0.396, 1.9844287412092334, 1.9844287412092334, 0.4554
1.0, 1.0, 0.0, 2.0, 1.1214492299999999, 2.11123663047, 2.366280701324912, 2.366280701324912, 2.11123663047
1.0, 1.0, 0.0, 3.0, 0.0, 3.151862939703195, 1.2252138184452557, 1.2252138184452557, 3.1336766457328755
1.0, 1.0, 0.0, 4.0, 1.7202114899729175, -0.37290670858355, 2.2393725530215343, 2.1731917255794824, 0.16724556604732443
1.0, 1.0, 1.0, 0.0, 0.0, 2.0949208235658148, 0.4554, 0.4554, 1.9844287412092334
1.0, 1.0, 1.0, 1.0, 0.0, 1.985812883664802, 1.907032642013893, 1.7137921176739639, 1.9800000115546739
1.0, 1.0, 1.0, 2.0, 0.0, 3.8145912488971674, 1.7433961503141062, 1.7433961503141062, 3.8145912488971674
1.0, 1.0, 1.0, 3.0, 0.0, 3.1807116984502755, 0.60687, 0.60687, 3.1807116984502755
1.0, 1.0, 1.0, 4.0, 0.0, 2.9507007247959907, 0.41098, 0.41098, 2.9507007247959907
1.0, 1.0, 2.0, 0.0, 1.1214492299999999, 2.366280701324912, 2.11123663047, 1.1421927, 2.3468897547221137
1.0, 1.0, 2.0, 1.0, 0.0, 1.7433961503141062, 3.8145912488971674, 3.483483023329837, 2.0234652267683213
1.0, 1.0, 2.0, 2.0, 0.0, 2.550946397725194, 1.5757861173211674, 1.6271353625315508, 1.656511221264934
1.0, 1.0, 2.0, 3.0, 0.0, 1.9860015684094001, 2.923425055303364, 2.923425055303364, 1.9860015684094001
1.0, 1.0, 2.0, 4.0, 0.0, 2.4166802538765806, 1.885494511512, 1.5211043352, 2.4166802538765806
1.0, 1.0, 3.0, 0.0, 0.0, 1.2252138184452557, 3.1336766457328755, 3.1336766457328755, 1.3613486871613951
1.0, 1.0, 3.0, 1.0, 0.0, 0.5643, 3.1807116984502755, 3.1807116984502755, 0.60687
1.0, 1.0, 3.0, 2.0, 0.0, 2.923425055303364, 1.9860015684094001, 1.9866684093437779, 2.923425055303364
1.0, 1.0, 3.0, 3.0, 0.0, 0.7113959721, 3.4206077636183907, 1.661766370803, 1.268380134741743
1.0, 1.0, 3.0, 4.0, 0.0, 2.039687748242272, 1.1464542758274436, 1.1464542758274436, 2.039687748242272
1.0, 1.0, 4.0, 0.0, 1.7202114899729175, 2.1731917255794824, 0.16724556604732443, 0.16724556604732443, 2.1731917255794824
1.0, 1.0, 4.0, 1.0, 0.0, 0.41098, 2.9507007247959907, 3.1141119164399895, 0.1822
1.0, 1.0, 4.0, 2.0, 0.0, 1.885494511512, 2.46520028208509, 2.4166802538765806, 1.885494511512
1.0, 1.0, 4.0, 3.0, 0.0, 1.1464542758274436, 2.039687748242272, 1.9559108002991015, 1.1464542758274436
1.0, 1.0, 4.0, 4.0, 0.0, 0.3282366909145909, 0.049, 0.11987999999999999, 0.131265927
1.0, 2.0, 0.0, 0.0, 0.0, 0.0, 0.0, 0.0, 0.0
1.0, 2.0, 0.0, 1.0, 0.0, 0.8776647, 0.8145498042, 1.5538660480779478, 2.105180109735037
1.0, 2.0, 0.0, 2.0, 2.0006650715903995, 0.198, 0.71577, 1.0150569, 0.37620000000000003
1.0, 2.0, 0.0, 3.0, 0.0, 0.979046046, 2.3008156616214683, 3.98096548369534, 1.3440641276700003
1.0, 2.0, 0.0, 4.0, 0.698841, 0.0, 11.953533101299994, 1.8055803598325386, 0.392
1.0, 2.0, 1.0, 0.0, 0.0, 0.8145498042, 0.8776647, 2.105180109735037, 1.5538660480779478
1.0, 2.0, 1.0, 1.0, 0.0, 2.868690443139176, 2.6818113988252583, 0.8991102483000002, 0.8991102483000002
1.0, 2.0, 1.0, 2.0, 0.0, 1.914407644234522, 2.9798339230704536, 2.048428434288689, 2.177370107732356
1.0, 2.0, 1.0, 3.0, 0.0, 1.1935214280000002, 0.6451830000000001, 3.418160466530695, 0.6534
1.0, 2.0, 1.0, 4.0, 0.0, 0.951140817, 1.321086789, 2.6348585119282673, 1.4723674614
1.0, 2.0, 2.0, 0.0, 2.0006650715903995, 0.71577, 0.198, 0.37620000000000003, 1.0150569
1.0, 2.0, 2.0, 1.0, 0.0, 2.9798339230704536, 1.914407644234522, 2.177370107732356, 2.048428434288689
1.0, 2.0, 2.0, 2.0, 0.0, 2.4027898820093307, 2.938314441586322, 0.80586, 0.923274
1.0, 2.0, 2.0, 3.0, 0.0, 1.7696424110772746, 1.53700004898, 0.9060683685128648, 2.4117954874783925
1.0, 2.0, 2.0, 4.0, 0.0, 2.5858781038763325, 1.11376370556, 0.4851, 0.9038164311000001
1.0, 2.0, 3.0, 0.0, 0.0, 2.3008156616214683, 0.979046046, 1.3440641276700003, 3.98096548369534
1.0, 2.0, 3.0, 1.0, 0.0, 0.6451830000000001, 1.1935214280000002, 0.6534, 3.418160466530695
1.0, 2.0, 3.0, 2.0, 0.0, 1.53700004898, 1.7696424110772746, 2.4117954874783925, 0.9060683685128648
1.0, 2.0, 3.0, 3.0, 0.0, 2.480881377580337, 2.6287932398223033, 0.99511731, 0.6656859
1.0, 2.0, 3.0, 4.0, 0.0, 1.891240260884756, 1.9031665998042826, 1.6928198291313274, 2.278595784846401
1.0, 2.0, 4.0, 0.0, 0.698841, 11.953533101299994, 0.0, 0.392, 1.8055803598325386
1.0, 2.0, 4.0, 1.0, 0.0, 1.321086789, 0.951140817, 1.4723674614, 2.6348585119282673
1.0, 2.0, 4.0, 2.0, 0.0, 1.11376370556, 2.5858781038763325, 0.9038164311000001, 0.4851
1.0, 2.0, 4.0, 3.0, 0.0, 1.9031665998042826, 1.891240260884756, 2.278595784846401, 1.6928198291313274
1.0, 2.0, 4.0, 4.0, 0.0, 0.8988696783000001, 0.8988696783000001, 1.9805998058469694, 2.549722979354577
1.0, 3.0, 0.0, 0.0, 0.0, 0.0, 0.0, 0.0, 0.0
1.0, 3.0, 0.0, 1.0, 0.0, 0.18810000000000002, 3.761810409703097, 1.6994527223568088, 0.663003
1.0, 3.0, 0.0, 2.0, 1.7691322875881192, 1.21534700342, 0.4878994044500462, 6.190716184254463, 0.59697
1.0, 3.0, 0.0, 3.0, 0.0, 0.72468, 3.7996199999996043, 1.96483814496265, 0.5497569
1.0, 3.0, 0.0, 4.0, 1.2631164508709998, 0.89496, 5.199373712916885, 1.2922314589800001, 0.66187341
1.0, 3.0, 1.0, 0.0, 0.0, 3.761810409703097, 0.18810000000000002, 0.663003, 1.6994527223568088
1.0, 3.0, 1.0, 1.0, 0.0, 2.2429140204724636, 2.2429140204724636, 0.4752, 0.62568
1.0, 3.0, 1.0, 2.0, 0.0, 1.862286791159563, 1.9417311772466694, 2.290541307259379, 1.9121868830174895
1.0, 3.0, 1.0, 3.0, 0.0, 2.354016812722644, 0.412632, 0.806751, 1.196150769
1.0, 3.0, 1.0, 4.0, 0.0, 3.1224217635515426, 1.0250624616408, 0.8537859000000001, 1.7974597823820002
1.0, 3.0, 2.0, 0.0, 1.7691322875881192, 0.4878994044500462, 1.21534700342, 0.59697, 6.190716184254463
1.0, 3.0, 2.0, 1.0, 0.0, 1.9417311772466694, 1.862286791159563, 1.9121868830174895, 2.290541307259379
1.0, 3.0, 2.0, 2.0, 0.0, 2.4439596174399596, 2.4439596174399596, 1.743626121355137, 1.743626121355137
1.0, 3.0, 2.0, 3.0, 0.0, 1.958305606437547, 3.0003261040304254, 2.1320439124598147, 1.8265707818870829
1.0, 3.0, 2.0, 4.0, 0.0, 3.3258344332756, 1.339350150501, 2.1598465223568346, 1.3961933584119002
1.0, 3.0, 3.0, 0.0, 0.0, 3.7996199999996043, 0.72468, 0.5497569, 1.96483814496265
1.0, 3.0, 3.0, 1.0, 0.0, 0.412632, 2.354016812722644, 1.196150769, 0.806751
1.0, 3.0, 3.0, 2.0, 0.0, 3.0003261040304254, 1.958305606437547, 1.8265707818870829, 2.1320439124598147
1.0, 3.0, 3.0, 3.0, 0.0, 0.6656859, 0.6656859, 2.4311887886412746, 2.410814662059362
1.0, 3.0, 3.0, 4.0, 0.0, 2.7150481350941087, 1.9496575143203798, 1.6514392200908579, 1.4715823346114725
1.0, 3.0, 4.0, 0.0, 1.2631164508709998, 5.199373712916885, 0.89496, 0.66187341, 1.2922314589800001
1.0, 3.0, 4.0, 1.0, 0.0, 1.0250624616408, 3.1224217635515426, 1.7974597823820002, 0.8537859000000001
1.0, 3.0, 4.0, 2.0, 0.0, 1.339350150501, 3.3258344332756, 1.3961933584119002, 2.1598465223568346
1.0, 3.0, 4.0, 3.0, 0.0, 1.9496575143203798, 2.7150481350941087, 1.4715823346114725, 1.6514392200908579
1.0, 3.0, 4.0, 4.0, 0.0, 2.9287739343749983, 2.9287739343749983, 2.0659355074079513, 1.958341956667156
1.0, 4.0, 0.0, 0.0, 0.0, 0.0, 0.0, 0.0, 0.0
1.0, 4.0, 0.0, 1.0, 0.0, 1.210684195887927, 2.1481236376870076, 3.3259567895171864, 1.9187570678824977
1.0, 4.0, 0.0, 2.0, 0.412632, 0.5742, 2.0924530396727805, 2.5190839963075033, 0.0
1.0, 4.0, 0.0, 3.0, 0.0, 2.552946322236153, 3.241271495297148, 2.3836133561587256, 2.2466459524537514
1.0, 4.0, 0.0, 4.0, 0.0, 0.099, 2.526938222368958, 1.923652496700611, 0.0
1.0, 4.0, 1.0, 0.0, 0.0, 2.1481236376870076, 1.210684195887927, 1.9187570678824977, 3.3259567895171864
1.0, 4.0, 1.0, 1.0, 0.0, 2.184358610334262, 2.184358610334262, 2.6070525231332025, 2.4567250257035584
1.0, 4.0, 1.0, 2.0, 0.0, 1.8170911040372344, 2.5041650764598873, 1.9479240919852485, 1.94150148625783
1.0, 4.0, 1.0, 3.0, 0.0, 2.4955248283096925, 2.1326446180999197, 2.2997091895173525, 2.2921133797695465
1.0, 4.0, 1.0, 4.0, 0.0, 1.7209542417408, 1.5315852182129999, 3.2604323034468408, 1.597279666963
1.0, 4.0, 2.0, 0.0, 0.412632, 2.0924530396727805, 0.5742, 0.0, 2.5190839963075033
1.0, 4.0, 2.0, 1.0, 0.0, 2.5041650764598873, 1.8170911040372344, 1.94150148625783, 1.9479240919852485
1.0, 4.0, 2.0, 2.0, 0.0, 2.509933158203493, 2.509933158203493, 1.7247135647907, 1.7247135647907
1.0, 4.0, 2.0, 3.0, 0.0, 2.1671814146912145, 2.717606559695777, 1.7284772724320872, 1.9087461796729164
1.0, 4.0, 2.0, 4.0, 0.0, 0.5643, 2.2968074073842453, 1.256668479, 1.32186384
1.0, 4.0, 3.0, 0.0, 0.0, 3.241271495297148, 2.552946322236153, 2.2466459524537514, 2.3836133561587256
1.0, 4.0, 3.0, 1.0, 0.0, 2.1326446180999197, 2.4955248283096925, 2.2921133797695465, 2.2997091895173525
1.0, 4.0, 3.0, 2.0, 0.0, 2.717606559695777, 2.1671814146912145, 1.9087461796729164, 1.7284772724320872
1.0, 4.0, 3.0, 3.0, 0.0, 1.6805283567792388, 1.6805283567792388, 3.327485286061165, 3.327485286061165
1.0, 4.0, 3.0, 4.0, 0.0, 1.00385802, 0.600732, 2.0715202235855887, 1.3782873287997
1.0, 4.0, 4.0, 0.0, 0.0, 2.526938222368958, 0.099, 0.0, 1.923652496700611
1.0, 4.0, 4.0, 1.0, 0.0, 1.5315852182129999, 1.7209542417408, 1.597279666963, 3.2604323034468408
1.0, 4.0, 4.0, 2.0, 0.0, 2.2968074073842453, 0.5643, 1.32186384, 1.256668479
1.0, 4.0, 4.0, 3.0, 0.0, 0.600732, 1.00385802, 1.3782873287997, 2.0715202235855887
1.0, 4.0, 4.0, 4.0, 0.0, 0.49282200000000004, 0.49282200000000004, 1.3736543820120002, 2.1644987760342658
2.0, 0.0, 0.0, 0.0, 0.0, 0.0, 0.0, 0.0, 0.0
2.0, 0.0, 0.0, 1.0, 2.5731110306381066, 0.0, 1.30465528175641, 0.0, 0.6494
2.0, 0.0, 0.0, 2.0, 0.18908801999999997, 0.0, 0.596552, 0.0, 0.0
2.0, 0.0, 0.0, 3.0, 2.1296157857938707, 0.0, 18.12231470827336, 0.0, -0.013000000000000012
2.0, 0.0, 0.0, 4.0, 0.14627276971909592, 0.0, 0.7718518386570394, 0.0, -0.095
2.0, 0.0, 1.0, 0.0, 2.5731110306381066, 1.30465528175641, 0.0, 0.6494, 0.0
2.0, 0.0, 1.0, 1.0, 9.77033305299533, 0.9001543304164501, 0.49873022005, 1.0962369, 1.0962369
2.0, 0.0, 1.0, 2.0, 0.4554, 1.9172179315031237, 0.58221333, 0.2713, -0.1355
2.0, 0.0, 1.0, 3.0, 0.7768062214397834, 0.8594383748974674, 0.26397, 0.198, 0.141
2.0, 0.0, 1.0, 4.0, 0.73359, 1.251003469675114, 0.8844106, 0.5544, 2.134186480873648
2.0, 0.0, 2.0, 0.0, 0.18908801999999997, 0.596552, 0.0, 0.0, 0.0
2.0, 0.0, 2.0, 1.0, 0.4554, 0.58221333, 1.9172179315031237, -0.1355, 0.2713
2.0, 0.0, 2.0, 2.0, 2.250153675455583, 1.7104793938355392, 1.7104793938355392, 0.0, 0.0
2.0, 0.0, 2.0, 3.0, 1.0641814278651744, 1.9421906886232665, 0.99280511, 0.297, -0.0010000000000000009
2.0, 0.0, 2.0, 4.0, 1.72088567046, 0.321142338, 1.1565341444673332, 0.4851, 0.0
2.0, 0.0, 3.0, 0.0, 2.1296157857938707, 18.12231470827336, 0.0, -0.013000000000000012, 0.0
2.0, 0.0, 3.0, 1.0, 0.7768062214397834, 0.26397, 0.8594383748974674, 0.141, 0.198
2.0, 0.0, 3.0, 2.0, 1.0641814278651744, 0.99280511, 1.9421906886232665, -0.0010000000000000009, 0.297
2.0, 0.0, 3.0, 3.0, 1.432031782686401, 2.808313656165073, 2.9234822905485656, 0.0, 0.0
2.0, 0.0, 3.0, 4.0, 0.6551847898829595, 2.735784970186963, 0.8696525292874293, -0.01100000000000001, 0.631834519
2.0, 0.0, 4.0, 0.0, 0.14627276971909592, 0.7718518386570394, 0.0, -0.095, 0.0
2.0, 0.0, 4.0, 1.0, 0.73359, 0.8844106, 1.251003469675114, 2.134186480873648, 0.5544
2.0, 0.0, 4.0, 2.0, 1.72088567046, 1.1565341444673332, 0.321142338, 0.0, 0.4851
2.0, 0.0, 4.0, 3.0, 0.6551847898829595, 0.8696525292874293, 2.735784970186963, 0.631834519, -0.01100000000000001
2.0, 0.0, 4.0, 4.0, 0.70945247736, 1.5560948678877107, 1.8004948678877106, 1.117723, 1.117723
2.0, 1.0, 0.0, 0.0, 0.0, 0.0, 0.0, 0.0, 0.0
2.0, 1.0, 0.0, 1.0, 0.0, 2.105180109735037, 1.5538660480779478, 0.8145498042, 0.8776647
2.0, 1.0, 0.0, 2.0, 2.0006650715903995, 0.37620000000000003, 1.0150569, 0.71577, 0.198
2.0, 1.0, 0.0, 3.0, 0.0, 1.3440641276700003, 3.98096548369534, 2.3008156616214683, 0.979046046
2.0, 1.0, 0.0, 4.0, 0.698841, 0.392, 1.8055803598325386, 11.953533101299994, 0.0
2.0, 1.0, 1.0, 0.0, 0.0, 1.5538660480779478, 2.105180109735037, 0.8776647, 0.8145498042
2.0, 1.0, 1.0, 1.0, 0.0, 0.8991102483000002, 0.8777904300000001, 2.868690443139176, 2.868690443139176
2.0, 1.0, 1.0, 2.0, 0.0, 2.177370107732356, 2.048428434288689, 2.9798339230704536, 1.914407644234522
2.0, 1.0, 1.0, 3.0, 0.0, 0.6534, 3.418160466530695, 0.6451830000000001, 1.1935214280000002
2.0, 1.0, 1.0, 4.0, 0.0, 1.4723674614, 2.6348585119282673, 1.321086789, 0.951140817
2.0, 1.0, 2.0, 0.0, 2.0006650715903995, 1.0150569, 0.37620000000000003, 0.198, 0.71577
2.0, 1.0, 2.0, 1.0, 0.0, 2.048428434288689, 2.177370107732356, 1.914407644234522, 2.9798339230704536
2.0, 1.0, 2.0, 2.0, 0.0, 0.923274, 0.923274, 2.938314441586322, 2.938314441586322
2.0, 1.0, 2.0, 3.0, 0.0, 2.4117954874783925, 0.9060683685128648, 1.53700004898, 1.7696424110772746
2.0, 1.0, 2.0, 4.0, 0.0, 0.9038164311000001, 0.4851, 1.11376370556, 2.5858781038763325
2.0, 1.0, 3.0, 0.0, 0.0, 3.98096548369534, 1.3440641276700003, 0.979046046, 2.3008156616214683
2.0, 1.0, 3.0, 1.0, 0.0, 3.418160466530695, 0.6534, 1.1935214280000002, 0.6451830000000001
2.0, 1.0, 3.0, 2.0, 0.0, 0.9060683685128648, 2.4117954874783925, 1.7696424110772746, 1.53700004898
2.0, 1.0, 3.0, 3.0, 0.0, 0.99511731, 0.99511731, 2.6287932398223033, 2.6287932398223033
2.0, 1.0, 3.0, 4.0, 0.0, 2.278595784846401, 1.6928198291313274, 1.9031665998042826, 1.891240260884756
2.0, 1.0, 4.0, 0.0, 0.698841, 1.8055803598325386, 0.392, 0.0, 11.953533101299994
2.0, 1.0, 4.0, 1.0, 0.0, 2.6348585119282673, 1.4723674614, 0.951140817, 1.321086789
2.0, 1.0, 4.0, 2.0, 0.0, 0.4851, 0.9038164311000001, 2.5858781038763325, 1.11376370556
2.0, 1.0, 4.0, 3.0, 0.0, 1.6928198291313274, 2.278595784846401, 1.891240260884756, 1.9031665998042826
2.0, 1.0, 4.0, 4.0, 0.0, 2.549722979354577, 2.549722979354577, 1.2049827104700002, 0.8988696783000001
2.0, 2.0, 0.0, 0.0, 0.0, 0.0, 0.0, 0.0, 0.0
2.0, 2.0, 0.0, 1.0, 0.0, 2.693528587983545, 1.665936041441388, 1.5718573742107718, 3.444783143326563
2.0, 2.0, 0.0, 2.0, 3.0822876521170133, 0.0, 2.45520776230428, 2.45520776230428, 1.6605293760000002
2.0, 2.0, 0.0, 3.0, 0.0, 0.17822142437480498, 2.6693610823098823, 2.550424974078894, 1.1167276688790786
2.0, 2.0, 0.0, 4.0, 1.443214476, 0.6633, 3.132385997430881, 3.132385997430881, 0.79497
2.0, 2.0, 1.0, 0.0, 0.0, 1.5718573742107718, 3.444783143326563, 3.444783143326563, 1.5718573742107718
2.0, 2.0, 1.0, 1.0, 0.0, 1.5335495534699999, 0.7995551652, 1.2806631959418, 3.8304939081418796
2.0, 2.0, 1.0, 2.0, 0.0, 2.160476893007892, 1.4317655223874803, 1.4317655223874803, 2.160476893007892
2.0, 2.0, 1.0, 3.0, 0.0, 0.8441522100000001, 2.879118027364285, 2.789206224627857, 0.8279469
2.0, 2.0, 1.0, 4.0, 0.0, 1.9916727317902905, 3.959999999972215, 3.959999999972215, 2.1029697019892115
2.0, 2.0, 2.0, 0.0, 3.0822876521170133, 2.45520776230428, 1.6605293760000002, 1.6605293760000002, 1.8958131170154733
2.0, 2.0, 2.0, 1.0, 0.0, 1.4317655223874803, 2.160476893007892, 1.4018128129126135, 1.4125699432367502
2.0, 2.0, 2.0, 2.0, 0.0, 0.548361, 0.2598156, 1.0606565028758532, 0.46162531800000006
2.0, 2.0, 2.0, 3.0, 0.0, 1.980000000000054, 0.46479879402005314, 0.5264742785296951, 1.980000000000054
2.0, 2.0, 2.0, 4.0, 2.4415369335396186, 0.516486069, 0.868131, 0.868131, 0.46387341000000004
2.0, 2.0, 3.0, 0.0, 0.0, 2.550424974078894, 1.1167276688790786, 1.1167276688790786, 2.550424974078894
2.0, 2.0, 3.0, 1.0, 0.0, 2.789206224627857, 0.8441522100000001, 0.8441522100000001, 2.789206224627857
2.0, 2.0, 3.0, 2.0, 0.0, 0.5264742785296951, 1.980000000000054, 1.980000000000054, 0.5264742785296951
2.0, 2.0, 3.0, 3.0, 0.0, -0.095, 1.3254839904373656, -0.05, 0.028929999999999956
2.0, 2.0, 3.0, 4.0, 0.0, 2.9314623341267554, 1.65627386737874, 1.65627386737874, 2.9314623341267554
2.0, 2.0, 4.0, 0.0, 1.443214476, 2.527727019795447, 0.79497, 0.79497, 3.132385997430881
2.0, 2.0, 4.0, 1.0, 0.0, 3.959999999972215, 1.9916727317902905, 1.9916727317902905, 3.9599999999529456
2.0, 2.0, 4.0, 2.0, 2.4415369335396186, 0.868131, 0.516486069, 0.516486069, 0.4851
2.0, 2.0, 4.0, 3.0, 0.0, 1.65627386737874, 2.9314623341267554, 2.8881803712519503, 1.50727386737874
2.0, 2.0, 4.0, 4.0, 0.0, 2.9394451156136765, 1.1862279, 0.396, 1.021383
2.0, 3.0, 0.0, 0.0, 0.0, 0.0, 0.0, 0.0, 0.0
2.0, 3.0, 0.0, 1.0, 0.0, 2.144656956842768, 1.6913233114001271, 1.0766181864419193, 1.1621788199999998
2.0, 3.0, 0.0, 2.0, 0.0, 0.5375699999999999, 0.3472227, 9.718548494461805, 0.396
2.0, 3.0, 0.0, 3.0, 0.0, 1.6111062990000002, 2.8321354374764107, 1.9115895336263153, 1.8268280256768004
2.0, 3.0, 0.0, 4.0, 2.4716403463795102, 0.9132849000000002, 1.5285529808582894, 1.236016089, 2.065559674743628
2.0, 3.0, 1.0, 0.0, 0.0, 1.6913233114001271, 2.144656956842768, 1.1621788199999998, 1.0766181864419193
2.0, 3.0, 1.0, 1.0, 0.0, 2.614031300987044, 2.6844792233189376, 1.63736039241324, 1.7092893249036
2.0, 3.0, 1.0, 2.0, 0.0, 2.2073413678785774, 2.230977025350839, 2.1342108959186117, 2.2196323324681857
2.0, 3.0, 1.0, 3.0, 0.0, 1.3643135406446973, 3.612512448897128, 1.69940653644762, 2.1749014063443513
2.0, 3.0, 1.0, 4.0, 0.0, 1.9458169074817646, 2.1357875667397286, 2.0332896345035647, 1.9144444420890754
2.0, 3.0, 2.0, 0.0, 0.0, 0.3472227, 0.5375699999999999, 0.396, 9.718548494461805
2.0, 3.0, 2.0, 1.0, 0.0, 2.230977025350839, 2.2073413678785774, 2.2196323324681857, 2.1342108959186117
2.0, 3.0, 2.0, 2.0, 0.0, 1.8101057422551616, 1.9012286025057352, 1.7733802297724368, 1.8723802297724368
2.0, 3.0, 2.0, 3.0, 0.0, 2.360059859447889, 1.4461991237916, 1.53465240456, 1.4122297818036
2.0, 3.0, 2.0, 4.0, 0.0, 1.3541336452631718, 2.637453443558622, 1.359041655745789, 0.93453723
2.0, 3.0, 3.0, 0.0, 0.0, 2.8321354374764107, 1.6111062990000002, 1.8268280256768004, 1.9115895336263153
2.0, 3.0, 3.0, 1.0, 0.0, 3.612512448897128, 1.3643135406446973, 2.1749014063443513, 1.69940653644762
2.0, 3.0, 3.0, 2.0, 0.0, 1.4461991237916, 2.360059859447889, 1.4122297818036, 1.53465240456
2.0, 3.0, 3.0, 3.0, 0.4752, 0.396, 0.396, 3.4483380098145915, 3.4483380098145915
2.0, 3.0, 3.0, 4.0, 0.0, 1.7172363687237, 2.6547206249657433, 1.6956734342333455, 1.878347301022019
2.0, 3.0, 4.0, 0.0, 2.4716403463795102, 1.5285529808582894, 0.9132849000000002, 2.065559674743628, 1.236016089
2.0, 3.0, 4.0, 1.0, 0.0, 2.1357875667397286, 1.9458169074817646, 1.9144444420890754, 2.0332896345035647
2.0, 3.0, 4.0, 2.0, 0.0, 2.637453443558622, 1.3541336452631718, 0.93453723, 1.359041655745789
2.0, 3.0, 4.0, 3.0, 0.0, 2.6547206249657433, 1.7172363687237, 1.878347301022019, 1.6956734342333455
2.0, 3.0, 4.0, 4.0, 0.0, 1.7406395444956169, 1.7406395444956169, 2.5229390686064854, 2.997226321703369
2.0, 4.0, 0.0, 0.0, 0.0, 0.0, 0.0, 0.0, 0.0
2.0, 4.0, 0.0, 1.0, 0.0, 0.0, 2.70135570221506, 12.603634050400073, 0.690822
2.0, 4.0, 0.0, 2.0, 0.870012, 0.5978551817699999, 2.1949020672796205, 0.50787, 0.18810000000000002
2.0, 4.0, 0.0, 3.0, 0.0, 0.5276700000000001, 65.5938188237417, 2.3517680396271077, 0.4613
2.0, 4.0, 0.0, 4.0, 0.61578, 0.3663, 1.1531718, 0.0, 2.5750610245496857
2.0, 4.0, 1.0, 0.0, 0.0, 2.70135570221506, 0.0, 0.690822, 12.603634050400073
2.0, 4.0, 1.0, 1.0, 0.0, 1.3464336295033827, 1.3464336295033827, 1.9748497366718016, 1.9748497366718016
2.0, 4.0, 1.0, 2.0, 0.0, 1.50369883389, 1.0011351842910001, 2.1382061877294207, 1.4053842989999998
2.0, 4.0, 1.0, 3.0, 0.0, 1.8930653425112098, 1.3375464126760825, 2.4060350213144477, 1.3941435534939002
2.0, 4.0, 1.0, 4.0, 0.0, 2.5833218643713387, 0.51777, 0.66187341, 1.42493261526
2.0, 4.0, 2.0, 0.0, 0.870012, 2.1949020672796205, 0.5978551817699999, 0.18810000000000002, 0.50787
2.0, 4.0, 2.0, 1.0, 0.0, 1.0011351842910001, 1.50369883389, 1.4053842989999998, 2.1382061877294207
2.0, 4.0, 2.0, 2.0, 0.0, 3.018144835620412, 3.4036698427454275, 0.9510930000000001, 1.0638836999999999
2.0, 4.0, 2.0, 3.0, 0.0, 2.5999270015313605, 1.4243823989999997, 1.3331841732, 1.1618235783
2.0, 4.0, 2.0, 4.0, 0.0, 2.5443091168213505, 1.2323718000000001, 1.1964672621, 1.7670443600007
2.0, 4.0, 3.0, 0.0, 0.0, 65.5938188237417, 0.5276700000000001, 0.4613, 2.3517680396271077
2.0, 4.0, 3.0, 1.0, 0.0, 1.3375464126760825, 1.8930653425112098, 1.3941435534939002, 2.4060350213144477
2.0, 4.0, 3.0, 2.0, 0.0, 1.4243823989999997, 2.5999270015313605, 1.1618235783, 1.3331841732
2.0, 4.0, 3.0, 3.0, 0.0, 3.9599999999999933, 3.9599999999999933, 2.1986684771040004, 2.1986684771040004
2.0, 4.0, 3.0, 4.0, 0.0, 1.7328736887967553, 1.9470029635522126, 2.9699924583757307, 2.0528663006507153
2.0, 4.0, 4.0, 0.0, 0.61578, 1.1531718, 0.3663, 2.5750610245496857, 0.0
2.0, 4.0, 4.0, 1.0, 0.0, 0.51777, 2.5833218643713387, 1.42493261526, 0.66187341
2.0, 4.0, 4.0, 2.0, 0.0, 1.2323718000000001, 2.5443091168213505, 1.7670443600007, 1.1964672621
2.0, 4.0, 4.0, 3.0, 0.0, 1.9470029635522126, 1.7328736887967553, 2.0528663006507153, 2.9699924583757307
2.0, 4.0, 4.0, 4.0, 0.0, 3.1007844912172526, 3.1007844912172526, 0.099, 0.0
3.0, 0.0, 0.0, 0.0, 0.0, 0.0, 0.0, 0.0, 0.0
3.0, 0.0, 0.0, 1.0, 0.0, 0.0, 2.8163456908391455, 0.0, 1.22989493092792
3.0, 0.0, 0.0, 2.0, 2.2338478907724575, 0.0, 22.474281539856435, 0.0, -0.010000000000000009
3.0, 0.0, 0.0, 3.0, 0.0, 0.0, 3.8178401234079087, 0.0, 1.99824035598
3.0, 0.0, 0.0, 4.0, 1.3223705268590102, 0.0, 2.6349488658272238, 0.0, 1.08215315348
3.0, 0.0, 1.0, 0.0, 0.0, 2.8163456908391455, 0.0, 1.22989493092792, 0.0
3.0, 0.0, 1.0, 1.0, 0.0, 2.4583663412223484, 2.4583663412223484, 0.0, -0.095
3.0, 0.0, 1.0, 2.0, 0.0, 0.947345402391333, 3.2095165243166135, -0.05, -0.0020000000000000018
3.0, 0.0, 1.0, 3.0, 0.0, 1.5769101683397675, 2.1403800000001847, -0.20475500000000002, 1.2162446999999998
3.0, 0.0, 1.0, 4.0, 0.0, 2.0931914454128626, 1.0685301138099241, 0.47137, 1.3575761100000001
3.0, 0.0, 2.0, 0.0, 2.2338478907724575, 22.474281539856435, 0.0, -0.010000000000000009, 0.0
3.0, 0.0, 2.0, 1.0, 0.0, 3.2095165243166135, 0.947345402391333, -0.0020000000000000018, -0.05
3.0, 0.0, 2.0, 2.0, 0.0, 2.7840204641817126, 2.6850204641817124, -0.017000000000000015, -0.019000000000000017
3.0, 0.0, 2.0, 3.0, 0.0, 2.6996693244282057, 2.156456828367508, -0.0040000000000000036, 1.7079633880735179
3.0, 0.0, 2.0, 4.0, 0.0, 2.7131435713750753, 1.2178299304058844, -0.0030000000000000027, 0.99297
3.0, 0.0, 3.0, 0.0, 0.0, 3.8178401234079087, 0.0, 1.99824035598, 0.0
3.0, 0.0, 3.0, 1.0, 0.0, 2.1403800000001847, 1.5769101683397675, 1.2162446999999998, -0.20475500000000002
3.0, 0.0, 3.0, 2.0, 0.0, 2.156456828367508, 2.6996693244282057, 1.7079633880735179, -0.0040000000000000036
3.0, 0.0, 3.0, 3.0, 0.0, 0.26829000000000003, 0.198, 2.7441736298064905, 2.9421736298064904
3.0, 0.0, 3.0, 4.0, 0.0, 0.74083306657, 2.16059695593679, 0.9376599999999999, -0.02760800000000002
3.0, 0.0, 4.0, 0.0, 1.3223705268590102, 2.6349488658272238, 0.0, 1.08215315348, 0.0
3.0, 0.0, 4.0, 1.0, 0.0, 1.0685301138099241, 2.0931914454128626, 1.3575761100000001, 0.47137
3.0, 0.0, 4.0, 2.0, 0.0, 1.2178299304058844, 2.7131435713750753, 0.99297, -0.0030000000000000027
3.0, 0.0, 4.0, 3.0, 0.0, 2.16059695593679, 0.74083306657, -0.02760800000000002, 0.9376599999999999
3.0, 0.0, 4.0, 4.0, 0.0, 2.2513674789501152, 2.2513674789501152, 0.6633, 0.6633
3.0, 1.0, 0.0, 0.0, 0.0, 0.0, 0.0, 0.0, 0.0
3.0, 1.0, 0.0, 1.0, 0.0, 0.663003, 1.6994527223568088, 3.761810409703097, 0.18810000000000002
3.0, 1.0, 0.0, 2.0, 1.7691322875881192, 0.59697, 6.190716184254463, 0.4878994044500462, 1.21534700342
3.0, 1.0, 0.0, 3.0, 0.0, 0.5497569, 1.96483814496265, 3.7996199999996043, 0.72468
3.0, 1.0, 0.0, 4.0, 1.2631164508709998, 0.66187341, 1.2922314589800001, 5.199373712916885, 0.89496
3.0, 1.0, 1.0, 0.0, 0.0, 1.6994527223568088, 0.663003, 0.18810000000000002, 3.761810409703097
3.0, 1.0, 1.0, 1.0, 0.0, 0.62568, 0.62568, 2.2429140204724636, 1.9459140204724636
3.0, 1.0, 1.0, 2.0, 0.0, 1.9121868830174895, 2.290541307259379, 1.9417311772466694, 1.862286791159563
3.0, 1.0, 1.0, 3.0, 0.0, 1.196150769, 0.806751, 0.412632, 2.354016812722644
3.0, 1.0, 1.0, 4.0, 0.0, 1.7974597823820002, 0.8537859000000001, 1.0250624616408, 3.1224217635515426
3.0, 1.0, 2.0, 0.0, 1.7691322875881192, 6.190716184254463, 0.59697, 1.21534700342, 0.4878994044500462
3.0, 1.0, 2.0, 1.0, 0.0, 2.290541307259379, 1.9121868830174895, 1.862286791159563, 1.9417311772466694
3.0, 1.0, 2.0, 2.0, 0.0, 1.743626121355137, 1.6183623570612633, 2.4439596174399596, 2.3855106860443995
3.0, 1.0, 2.0, 3.0, 0.0, 1.8265707818870829, 2.1320439124598147, 3.0003261040304254, 1.958305606437547
3.0, 1.0, 2.0, 4.0, 0.0, 1.3961933584119002, 2.1598465223568346, 1.339350150501, 3.3258344332756
3.0, 1.0, 3.0, 0.0, 0.0, 1.96483814496265, 0.5497569, 0.72468, 3.7996199999996043
3.0, 1.0, 3.0, 1.0, 0.0, 0.806751, 1.196150769, 2.354016812722644, 0.412632
3.0, 1.0, 3.0, 2.0, 0.0, 2.1320439124598147, 1.8265707818870829, 1.958305606437547, 3.0003261040304254
3.0, 1.0, 3.0, 3.0, 0.0, 2.4311887886412746, 2.4311887886412746, 0.35739000000000004, 0.6656859
3.0, 1.0, 3.0, 4.0, 0.0, 1.4715823346114725, 1.6514392200908579, 1.9496575143203798, 2.7150481350941087
3.0, 1.0, 4.0, 0.0, 1.2631164508709998, 1.2922314589800001, 0.66187341, 0.89496, 5.199373712916885
3.0, 1.0, 4.0, 1.0, 0.0, 0.8537859000000001, 1.7974597823820002, 3.1224217635515426, 1.0250624616408
3.0, 1.0, 4.0, 2.0, 0.0, 2.1598465223568346, 1.3961933584119002, 3.3258344332756, 1.339350150501
3.0, 1.0, 4.0, 3.0, 0.0, 1.6514392200908579, 1.4715823346114725, 2.7150481350941087, 1.9496575143203798
3.0, 1.0, 4.0, 4.0, 0.0, 1.958341956667156, 1.958341956667156, 2.924193260416665, 2.9287739343749983
3.0, 2.0, 0.0, 0.0, 0.0, 0.0, 0.0, 0.0, 0.0
3.0, 2.0, 0.0, 1.0, 0.0, 1.1621788199999998, 1.0766181864419193, 1.6913233114001271, 2.144656956842768
3.0, 2.0, 0.0, 2.0, 0.0, 0.396, 9.718548494461805, 0.3472227, 0.5375699999999999
3.0, 2.0, 0.0, 3.0, 0.0, 1.8268280256768004, 1.9115895336263153, 2.8321354374764107, 1.6111062990000002
3.0, 2.0, 0.0, 4.0, 2.4716403463795102, 2.065559674743628, 1.236016089, 1.5285529808582894, 0.9132849000000002
3.0, 2.0, 1.0, 0.0, 0.0, 1.0766181864419193, 1.1621788199999998, 2.144656956842768, 1.6913233114001271
3.0, 2.0, 1.0, 1.0, 0.0, 1.63736039241324, 1.63736039241324, 2.614031300987044, 2.614031300987044
3.0, 2.0, 1.0, 2.0, 0.0, 2.2196323324681857, 2.1342108959186117, 2.230977025350839, 2.2073413678785774
3.0, 2.0, 1.0, 3.0, 0.0, 2.1749014063443513, 1.69940653644762, 3.612512448897128, 1.3643135406446973
3.0, 2.0, 1.0, 4.0, 0.0, 1.9144444420890754, 2.0332896345035647, 2.1357875667397286, 1.9458169074817646
3.0, 2.0, 2.0, 0.0, 0.0, 9.718548494461805, 0.396, 0.5375699999999999, 0.3472227
3.0, 2.0, 2.0, 1.0, 0.0, 2.1342108959186117, 2.2196323324681857, 2.2073413678785774, 2.230977025350839
3.0, 2.0, 2.0, 2.0, 0.0, 1.7733802297724368, 1.7733802297724368, 1.8101057422551616, 1.8101057422551616
3.0, 2.0, 2.0, 3.0, 0.0, 1.4122297818036, 1.53465240456, 1.4461991237916, 2.360059859447889
3.0, 2.0, 2.0, 4.0, 0.0, 0.93453723, 1.359041655745789, 2.637453443558622, 1.3541336452631718
3.0, 2.0, 3.0, 0.0, 0.0, 1.9115895336263153, 1.8268280256768004, 1.6111062990000002, 2.8321354374764107
3.0, 2.0, 3.0, 1.0, 0.0, 1.69940653644762, 2.1749014063443513, 1.3643135406446973, 3.612512448897128
3.0, 2.0, 3.0, 2.0, 0.0, 1.53465240456, 1.4122297818036, 2.360059859447889, 1.4461991237916
3.0, 2.0, 3.0, 3.0, 0.4752, 3.1591317007058866, 3.4483380098145915, 0.396, 0.0
3.0, 2.0, 3.0, 4.0, 0.0, 1.878347301022019, 1.6956734342333455, 2.6547206249657433, 1.7172363687237
3.0, 2.0, 4.0, 0.0, 2.4716403463795102, 1.236016089, 2.065559674743628, 0.9132849000000002, 1.5285529808582894
3.0, 2.0, 4.0, 1.0, 0.0, 2.0332896345035647, 1.9144444420890754, 1.9458169074817646, 2.1357875667397286
3.0, 2.0, 4.0, 2.0, 0.0, 1.359041655745789, 0.93453723, 1.3541336452631718, 2.637453443558622
3.0, 2.0, 4.0, 3.0, 0.0, 1.6956734342333455, 1.878347301022019, 1.7172363687237, 2.6547206249657433
3.0, 2.0, 4.0, 4.0, 0.0, 2.997226321703369, 2.997226321703369, 1.6040439383284633, 1.7406395444956169
3.0, 3.0, 0.0, 0.0, 0.0, 0.0, 0.0, 0.0, 0.0
3.0, 3.0, 0.0, 1.0, 0.0, 1.4163003474566838, 2.9718685657442077, 2.9718685657442077, 1.4163003474566838
3.0, 3.0, 0.0, 2.0, 2.6246662485135124, 0.049, 1.5770040000000003, 1.5673036000000002, 0.29109999999999997
3.0, 3.0, 0.0, 3.0, 0.0, 0.0, 1.0636136280000001, 1.0636136280000001, 0.0
3.0, 3.0, 0.0, 4.0, 0.9874852487943638, 1.736778857959767, 0.7801829776451921, 0.8668699751613245, 1.8197542866219634
3.0, 3.0, 1.0, 0.0, 0.0, 2.9720761841602306, 1.4163003474566838, 1.4163003474566838, 2.9718685657442077
3.0, 3.0, 1.0, 1.0, 0.0, 0.69696, 2.94941512209937, 1.120383, 1.4215476316934494
3.0, 3.0, 1.0, 2.0, 0.0, 2.1243062715411862, 2.4569057320366445, 2.87451515883298, 2.1098756443870674
3.0, 3.0, 1.0, 3.0, 0.297, 3.1030147188104844, 1.4180199416958863, 1.4180199416958863, 3.1030147188104844
3.0, 3.0, 1.0, 4.0, 0.0, 3.8085067653109514, 1.590091249329297, 1.590091249329297, 3.9319279977646726
3.0, 3.0, 2.0, 0.0, 2.6246662485135124, 1.5673036000000002, 0.29109999999999997, 0.29109999999999997, 1.5673036000000002
3.0, 3.0, 2.0, 1.0, 0.0, 2.87451515883298, 2.1098756443870674, 2.1098756443870674, 2.87451515883298
3.0, 3.0, 2.0, 2.0, 0.0, 2.1526853753837982, 0.46903546691590003, 0.4863068755600487, 1.461878249960694
3.0, 3.0, 2.0, 3.0, 0.0, 0.9174388, 2.2452438550879927, 2.315537522621274, 0.634932
3.0, 3.0, 2.0, 4.0, 0.0, 2.904761016003908, 1.0192938675999295, 1.6201062294803485, 2.787512240004342
3.0, 3.0, 3.0, 0.0, 0.0, 1.0636136280000001, 0.0, 0.0, 0.2772
3.0, 3.0, 3.0, 1.0, 0.297, 1.4180199416958863, 3.1030147188104844, 3.0352157022351665, 1.3555777129954292
3.0, 3.0, 3.0, 2.0, 0.0, 2.315537522621274, 0.9174388, 0.9174388, 2.315537522621274
3.0, 3.0, 3.0, 3.0, 0.0, 0.0, 0.0, 0.0, 0.0
3.0, 3.0, 3.0, 4.0, 0.0, 2.44039560244524, 0.297, 0.297, 1.753203276
3.0, 3.0, 4.0, 0.0, 0.9874852487943638, 0.7801829776451921, 1.736778857959767, 1.736778857959767, 0.7801829776451921
3.0, 3.0, 4.0, 1.0, 0.0, 1.6567680548103298, 3.9319279977646726, 3.9319279977646726, 1.590091249329297
3.0, 3.0, 4.0, 2.0, 0.0, 1.0192938675999295, 2.904761016003908, 2.904761016003908, 1.0192938675999295
3.0, 3.0, 4.0, 3.0, 0.0, 0.297, 2.44039560244524, 2.44039560244524, 0.198
3.0, 3.0, 4.0, 4.0, 0.0, 0.5742, 0.47758590000000006, 0.26829000000000003, 2.5385389270517
3.0, 4.0, 0.0, 0.0, 0.0, 0.0, 0.0, 0.0, 0.0
3.0, 4.0, 0.0, 1.0, 0.0, 0.40379000000000004, 2.39372188194715, 4.73778633141221, 0.297
3.0, 4.0, 0.0, 2.0, 0.80586, 0.18810000000000002, 1.1940000000000002, 2.702253738404708, 0.297
3.0, 4.0, 0.0, 3.0, 0.0, 1.2664179, 3.799619999999246, 1.1314070459999999, 2.287354426142049
3.0, 4.0, 0.0, 4.0, 0.81477, 0.297, 2.7287395756439627, 1.1739013156728, 1.6216596
3.0, 4.0, 1.0, 0.0, 0.0, 2.39372188194715, 0.40379000000000004, 0.297, 4.73778633141221
3.0, 4.0, 1.0, 1.0, 0.0, 2.792630469775173, 2.792630469775173, 1.8932743275205246, 1.8836381416894719
3.0, 4.0, 1.0, 2.0, 0.0, 1.4376957974436013, 0.5243781919784292, 1.852646084356829, 0.7463647569999999
3.0, 4.0, 1.0, 3.0, 0.0, 2.6180996183083676, 1.9062373994828998, 0.858231, 1.5378094233117
3.0, 4.0, 1.0, 4.0, 0.0, 1.439068635081, 0.91632321, 2.9114268675811257, 1.4568166132499019
3.0, 4.0, 2.0, 0.0, 0.80586, 1.1940000000000002, 0.18810000000000002, 0.297, 2.702253738404708
3.0, 4.0, 2.0, 1.0, 0.0, 0.5243781919784292, 1.4376957974436013, 0.7463647569999999, 1.852646084356829
3.0, 4.0, 2.0, 2.0, 0.0, 0.6039198, 0.9009198, 2.6693772383612075, 2.699439514525087
3.0, 4.0, 2.0, 3.0, 0.0, 1.9800000172724495, 1.2679563523922543, 0.759828069, 2.5231658361046674
3.0, 4.0, 2.0, 4.0, 0.0, 0.74349, 0.5643, 2.239043583786068, 0.9988713655578233
3.0, 4.0, 3.0, 0.0, 0.0, 3.799619999999246, 1.2664179, 2.287354426142049, 1.1314070459999999
3.0, 4.0, 3.0, 1.0, 0.0, 1.9062373994828998, 2.6180996183083676, 1.5378094233117, 0.858231
3.0, 4.0, 3.0, 2.0, 0.0, 1.2679563523922543, 1.9800000172724495, 2.5231658361046674, 0.759828069
3.0, 4.0, 3.0, 3.0, 0.0, 1.6940327203106997, 1.6940327203106997, 2.8696761533900426, 2.8696761533900426
3.0, 4.0, 3.0, 4.0, 0.0, 0.74349, 0.5544, 2.2339906816464605, 1.6927445304000002
3.0, 4.0, 4.0, 0.0, 0.81477, 2.7287395756439627, 0.297, 1.6216596, 1.1739013156728
3.0, 4.0, 4.0, 1.0, 0.0, 0.91632321, 1.439068635081, 1.4568166132499019, 2.9114268675811257
3.0, 4.0, 4.0, 2.0, 0.0, 0.5643, 0.74349, 0.9988713655578233, 2.239043583786068
3.0, 4.0, 4.0, 3.0, 0.0, 0.5544, 0.74349, 1.6927445304000002, 2.2339906816464605
3.0, 4.0, 4.0, 4.0, 0.0, 2.5185567024887137, 2.4683963360985706, 0.2772, 0.2772
4.0, 0.0, 0.0, 0.0, 0.0, 0.0, 0.0, 0.0, 0.0
4.0, 0.0, 0.0, 1.0, 10.501793203045091, 0.0, 2.152875962932684, 0.0, -0.04500000000000004
4.0, 0.0, 0.0, 2.0, 0.04263072161346547, 0.0, 0.041800370231362134, 0.0, 0.0
4.0, 0.0, 0.0, 3.0, 1.9668746953411027, 0.0, 0.7785822808351907, 0.0, 4.426706663129401
4.0, 0.0, 0.0, 4.0, 0.312741, 0.0, 0.0, 0.0, 0.0
4.0, 0.0, 1.0, 0.0, 10.501793203045091, 2.152875962932684, 0.0, -0.04500000000000004, 0.0
4.0, 0.0, 1.0, 1.0, 5.34458405221338, 1.444198198, 1.444198198, 0.0, -0.0010000000000000009
4.0, 0.0, 1.0, 2.0, 1.727517517338994, 0.1922417, 0.7088200122999999, 0.0, 0.7524000000000001
4.0, 0.0, 1.0, 3.0, 0.601148763260277, 1.8354793912927772, -0.095, 0.0, 0.1723
4.0, 0.0, 1.0, 4.0, 0.6534, -0.003700000000000003, 0.11250000000000002, -0.0010000000000000009, 1.7826130842020262
4.0, 0.0, 2.0, 0.0, 0.04263072161346547, 0.041800370231362134, 0.0, 0.0, 0.0
4.0, 0.0, 2.0, 1.0, 1.727517517338994, 0.7088200122999999, 0.1922417, 0.7524000000000001, 0.0
4.0, 0.0, 2.0, 2.0, 0.7253145278307812, 0.6614059714121854, 0.7210181639796358, 0.3861, 0.3861
4.0, 0.0, 2.0, 3.0, 0.53559, 2.9248913639122653, 1.5881146081805677, 1.4665264500583775, 0.41571621266611
4.0, 0.0, 2.0, 4.0, 0.0, 1.1089250283613945, 0.297, 0.0, 0.5089899999999999
4.0, 0.0, 3.0, 0.0, 1.9668746953411027, 0.7785822808351907, 0.0, 4.426706663129401, 0.0
4.0, 0.0, 3.0, 1.0, 0.601148763260277, -0.095, 1.8354793912927772, 0.1723, 0.0
4.0, 0.0, 3.0, 2.0, 0.53559, 1.5881146081805677, 2.9248913639122653, 0.41571621266611, 1.4665264500583775
4.0, 0.0, 3.0, 3.0, 0.9277468200000001, 2.975673487469575, 3.074673487469575, -0.17195000000000002, -0.17195000000000002
4.0, 0.0, 3.0, 4.0, 1.7185140777816001, 2.178468610259166, 2.862236524031627, 0.3703, 1.257656499
4.0, 0.0, 4.0, 0.0, 0.312741, 0.0, 0.0, 0.0, 0.0
4.0, 0.0, 4.0, 1.0, 0.6534, 0.11250000000000002, -0.003700000000000003, 1.7826130842020262, -0.0010000000000000009
4.0, 0.0, 4.0, 2.0, 0.0, 0.297, 1.1089250283613945, 0.5089899999999999, 0.0
4.0, 0.0, 4.0, 3.0, 1.7185140777816001, 2.862236524031627, 2.178468610259166, 1.257656499, 0.3703
4.0, 0.0, 4.0, 4.0, 0.0, 2.6277508889637837, 2.6277508889637837, 0.396, 0.396
4.0, 1.0, 0.0, 0.0, 0.0, 0.0, 0.0, 0.0, 0.0
4.0, 1.0, 0.0, 1.0, 0.0, 1.9187570678824977, 3.3259567895171864, 2.1481236376870076, 1.210684195887927
4.0, 1.0, 0.0, 2.0, 0.412632, 0.0, 2.5190839963075033, 2.0924530396727805, 0.5742
4.0, 1.0, 0.0, 3.0, 0.0, 2.2466459524537514, 2.3836133561587256, 3.241271495297148, 2.552946322236153
4.0, 1.0, 0.0, 4.0, 0.0, 0.0, 1.923652496700611, 2.526938222368958, 0.099
4.0, 1.0, 1.0, 0.0, 0.0, 3.3259567895171864, 1.9187570678824977, 1.210684195887927, 2.1481236376870076
4.0, 1.0, 1.0, 1.0, 0.0, 2.6070525231332025, 2.6070525231332025, 2.184358610334262, 2.3520227493008354
4.0, 1.0, 1.0, 2.0, 0.0, 1.94150148625783, 1.9479240919852485, 2.5041650764598873, 1.8170911040372344
4.0, 1.0, 1.0, 3.0, 0.0, 2.2921133797695465, 2.2997091895173525, 2.1326446180999197, 2.4955248283096925
4.0, 1.0, 1.0, 4.0, 0.0, 1.597279666963, 3.2604323034468408, 1.5315852182129999, 1.7209542417408
4.0, 1.0, 2.0, 0.0, 0.412632, 2.5190839963075033, 0.0, 0.5742, 2.0924530396727805
4.0, 1.0, 2.0, 1.0, 0.0, 1.9479240919852485, 1.94150148625783, 1.8170911040372344, 2.5041650764598873
4.0, 1.0, 2.0, 2.0, 0.0, 1.6963484053229998, 1.7247135647907, 2.3488146202261038, 2.509933158203493
4.0, 1.0, 2.0, 3.0, 0.0, 1.9087461796729164, 1.7284772724320872, 2.717606559695777, 2.1671814146912145
4.0, 1.0, 2.0, 4.0, 0.0, 1.32186384, 1.256668479, 2.2968074073842453, 0.5643
4.0, 1.0, 3.0, 0.0, 0.0, 2.3836133561587256, 2.2466459524537514, 2.552946322236153, 3.241271495297148
4.0, 1.0, 3.0, 1.0, 0.0, 2.2997091895173525, 2.2921133797695465, 2.4955248283096925, 2.1326446180999197
4.0, 1.0, 3.0, 2.0, 0.0, 1.7284772724320872, 1.9087461796729164, 2.1671814146912145, 2.717606559695777
4.0, 1.0, 3.0, 3.0, 0.0, 3.327485286061165, 3.367205873401294, 1.75725372975471, 1.6805283567792388
4.0, 1.0, 3.0, 4.0, 0.0, 1.3782873287997, 2.0715202235855887, 0.600732, 1.00385802
4.0, 1.0, 4.0, 0.0, 0.0, 1.923652496700611, 0.0, 0.099, 2.526938222368958
4.0, 1.0, 4.0, 1.0, 0.0, 3.2604323034468408, 1.597279666963, 1.7209542417408, 1.5315852182129999
4.0, 1.0, 4.0, 2.0, 0.0, 1.256668479, 1.32186384, 0.5643, 2.2968074073842453
4.0, 1.0, 4.0, 3.0, 0.0, 2.0715202235855887, 1.3782873287997, 1.00385802, 0.600732
4.0, 1.0, 4.0, 4.0, 0.0, 2.1644987760342658, 2.1644987760342658, 0.49282200000000004, 0.0
4.0, 2.0, 0.0, 0.0, 0.0, 0.0, 0.0, 0.0, 0.0
4.0, 2.0, 0.0, 1.0, 0.0, 0.690822, 12.603634050400073, 2.70135570221506, 0.0
4.0, 2.0, 0.0, 2.0, 0.870012, 0.18810000000000002, 0.50787, 2.1949020672796205, 0.5978551817699999
4.0, 2.0, 0.0, 3.0, 0.0, 0.4613, 2.3517680396271077, 65.5938188237417, 0.5276700000000001
4.0, 2.0, 0.0, 4.0, 0.61578, 2.5750610245496857, 0.0, 1.1531718, 0.3663
4.0, 2.0, 1.0, 0.0, 0.0, 12.603634050400073, 0.690822, 0.0, 2.70135570221506
4.0, 2.0, 1.0, 1.0, 0.0, 1.9748497366718016, 1.8746416502121008, 1.4535170524281473, 1.3464336295033827
4.0, 2.0, 1.0, 2.0, 0.0, 1.4053842989999998, 2.1382061877294207, 1.0011351842910001, 1.50369883389
4.0, 2.0, 1.0, 3.0, 0.0, 1.3941435534939002, 2.4060350213144477, 1.3375464126760825, 1.8930653425112098
4.0, 2.0, 1.0, 4.0, 0.0, 1.42493261526, 0.66187341, 0.51777, 2.5833218643713387
4.0, 2.0, 2.0, 0.0, 0.870012, 0.50787, 0.18810000000000002, 0.5978551817699999, 2.1949020672796205
4.0, 2.0, 2.0, 1.0, 0.0, 2.1382061877294207, 1.4053842989999998, 1.50369883389, 1.0011351842910001
4.0, 2.0, 2.0, 2.0, 0.0, 0.9510930000000001, 0.9510930000000001, 3.4036698427454275, 3.4036698427454275
4.0, 2.0, 2.0, 3.0, 0.0, 1.1618235783, 1.3331841732, 1.4243823989999997, 2.5999270015313605
4.0, 2.0, 2.0, 4.0, 0.0, 1.7670443600007, 1.1964672621, 1.2323718000000001, 2.5443091168213505
4.0, 2.0, 3.0, 0.0, 0.0, 2.3517680396271077, 0.4613, 0.5276700000000001, 65.5938188237417
4.0, 2.0, 3.0, 1.0, 0.0, 2.4060350213144477, 1.3941435534939002, 1.8930653425112098, 1.3375464126760825
4.0, 2.0, 3.0, 2.0, 0.0, 1.3331841732, 1.1618235783, 2.5999270015313605, 1.4243823989999997
4.0, 2.0, 3.0, 3.0, 0.0, 2.1986684771040004, 1.793253577104, 3.9599999999999933, 2.8960540947806823
4.0, 2.0, 3.0, 4.0, 0.0, 2.0528663006507153, 2.9699924583757307, 1.9470029635522126, 1.7328736887967553
4.0, 2.0, 4.0, 0.0, 0.61578, 0.0, 2.5750610245496857, 0.3663, 1.1531718
4.0, 2.0, 4.0, 1.0, 0.0, 0.66187341, 1.42493261526, 2.5833218643713387, 0.51777
4.0, 2.0, 4.0, 2.0, 0.0, 1.1964672621, 1.7670443600007, 2.5443091168213505, 1.2323718000000001
4.0, 2.0, 4.0, 3.0, 0.0, 2.9699924583757307, 2.0528663006507153, 1.7328736887967553, 1.9470029635522126
4.0, 2.0, 4.0, 4.0, 0.0, 0.099, 0.099, 2.1635938163455637, 3.1007844912172526
4.0, 3.0, 0.0, 0.0, 0.0, 0.0, 0.0, 0.0, 0.0
4.0, 3.0, 0.0, 1.0, 0.0, 0.297, 4.73778633141221, 2.39372188194715, 0.40379000000000004
4.0, 3.0, 0.0, 2.0, 0.80586, 0.297, 2.702253738404708, 1.1940000000000002, 0.18810000000000002
4.0, 3.0, 0.0, 3.0, 0.0, 2.287354426142049, 1.1314070459999999, 3.799619999999246, 1.2664179
4.0, 3.0, 0.0, 4.0, 0.81477, 1.6216596, 1.1739013156728, 2.7287395756439627, 0.297
4.0, 3.0, 1.0, 0.0, 0.0, 4.73778633141221, 0.297, 0.40379000000000004, 2.39372188194715
4.0, 3.0, 1.0, 1.0, 0.0, 1.8932743275205246, 1.8932743275205246, 2.792630469775173, 2.792630469775173
4.0, 3.0, 1.0, 2.0, 0.0, 0.7463647569999999, 1.852646084356829, 0.5243781919784292, 1.4376957974436013
4.0, 3.0, 1.0, 3.0, 0.0, 1.5378094233117, 0.858231, 1.9062373994828998, 2.6180996183083676
4.0, 3.0, 1.0, 4.0, 0.0, 1.4568166132499019, 2.9114268675811257, 0.91632321, 1.439068635081
4.0, 3.0, 2.0, 0.0, 0.80586, 2.702253738404708, 0.297, 0.18810000000000002, 1.1940000000000002
4.0, 3.0, 2.0, 1.0, 0.0, 1.852646084356829, 0.7463647569999999, 1.4376957974436013, 0.5243781919784292
4.0, 3.0, 2.0, 2.0, 0.0, 2.699439514525087, 2.699439514525087, 0.9009198, 0.9009198
4.0, 3.0, 2.0, 3.0, 0.0, 2.5231658361046674, 0.759828069, 1.2679563523922543, 1.9800000172724495
4.0, 3.0, 2.0, 4.0, 0.0, 0.9988713655578233, 2.239043583786068, 0.5643, 0.74349
4.0, 3.0, 3.0, 0.0, 0.0, 1.1314070459999999, 2.287354426142049, 1.2664179, 3.799619999999246
4.0, 3.0, 3.0, 1.0, 0.0, 0.858231, 1.5378094233117, 2.6180996183083676, 1.9062373994828998
4.0, 3.0, 3.0, 2.0, 0.0, 0.759828069, 2.5231658361046674, 1.9800000172724495, 1.2679563523922543
4.0, 3.0, 3.0, 3.0, 0.0, 2.8600276842459342, 2.8696761533900426, 1.6940327203106997, 1.2197019483
4.0, 3.0, 3.0, 4.0, 0.0, 1.6927445304000002, 2.2339906816464605, 0.5544, 0.74349
4.0, 3.0, 4.0, 0.0, 0.81477, 1.1739013156728, 1.6216596, 0.297, 2.7287395756439627
4.0, 3.0, 4.0, 1.0, 0.0, 2.9114268675811257, 1.4568166132499019, 1.439068635081, 0.91632321
4.0, 3.0, 4.0, 2.0, 0.0, 2.239043583786068, 0.9988713655578233, 0.74349, 0.5643
4.0, 3.0, 4.0, 3.0, 0.0, 2.2339906816464605, 1.6927445304000002, 0.74349, 0.5544
4.0, 3.0, 4.0, 4.0, 0.0, 0.198, 0.2772, 2.5185567024887137, 2.5185567024887137
4.0, 4.0, 0.0, 0.0, 0.0, 0.0, 0.0, 0.0, 0.0
4.0, 4.0, 0.0, 1.0, 0.0, 1.0516639489039146, 2.7698380044150728, 2.845108647426016, 0.9751297168758583
4.0, 4.0, 0.0, 2.0, 0.2772, 0.0, 2.372187526116984, 2.3945677355651367, 0.297
4.0, 4.0, 0.0, 3.0, 0.0, 1.6051859900999998, 3.166978158197147, 3.166978158197147, 1.6764006519809997
4.0, 4.0, 0.0, 4.0, 0.0, 0.0, 0.0, 0.0, 0.0
4.0, 4.0, 1.0, 0.0, 0.0, 2.7698380044150728, 0.9751297168758583, 0.9751297168758583, 2.7698380044150728
4.0, 4.0, 1.0, 1.0, 0.0, -0.008610671647667226, 0.034563032302120066, 0.0391, 0.008842000000000003
4.0, 4.0, 1.0, 2.0, 0.0, 2.317153635790247, 0.824797517013, 0.85618598878053, 2.422305163945158
4.0, 4.0, 1.0, 3.0, 0.0, 1.731800555011653, 0.37474150000000006, -0.03785, 2.96324438648315
4.0, 4.0, 1.0, 4.0, 0.0, 0.0, 1.104094066, 1.104094066, 0.0
4.0, 4.0, 2.0, 0.0, 0.2772, 2.372187526116984, 0.297, 0.297, 2.372187526116984
4.0, 4.0, 2.0, 1.0, 0.0, 0.85618598878053, 2.422305163945158, 2.422305163945158, 0.85618598878053
4.0, 4.0, 2.0, 2.0, 0.0, 0.6799320000000001, 2.566345779976883, 0.80487, 0.43758
4.0, 4.0, 2.0, 3.0, 0.0, 1.661519376, 2.3927259100009906, 2.3927259100009906, 1.661519376
4.0, 4.0, 2.0, 4.0, 0.0, 2.8754657334711164, 0.099, 0.3861, 2.8754657334711164
4.0, 4.0, 3.0, 0.0, 0.0, 3.078864620219052, 1.6764006519809997, 1.6764006519809997, 3.166978158197147
4.0, 4.0, 3.0, 1.0, 0.0, 0.37474150000000006, 2.96324438648315, 2.96324438648315, 0.37474150000000006
4.0, 4.0, 3.0, 2.0, 0.0, 2.3927259100009906, 1.661519376, 1.661519376, 2.438584344445545
4.0, 4.0, 3.0, 3.0, 0.0, 0.80487, 0.0, 0.297, 2.370205739524654
4.0, 4.0, 3.0, 4.0, 0.0, 0.923373, 3.212585665812392, 3.3495396286804358, 0.923373
4.0, 4.0, 4.0, 0.0, 0.0, 0.0, 0.0, 0.0, 0.0
4.0, 4.0, 4.0, 1.0, 0.0, 0.964354, 0.0, 0.0, 1.104094066
4.0, 4.0, 4.0, 2.0, 0.0, 0.3861, 2.3240688067544646, 2.8754657334711164, 0.3861
4.0, 4.0, 4.0, 3.0, 0.0, 3.212585665812392, 0.923373, 0.6633, 3.212585665812392
4.0, 4.0, 4.0, 4.0, 0.0, 0.0, 0.0, 0.0, 0.0
