# P L, P R, O L, O R, swap, L L, L R, R R, R L
0.0, 0.0, 0.0, 1.0, 0.0, 0.0, 0.0, 1.0, nan, nan, nan, nan, nan
0.0, 0.0, 0.0, 2.0, 0.0, 0.0, 0.0, 2.0, nan, nan, nan, nan, nan
0.0, 0.0, 0.0, 3.0, 0.0, 0.0, 0.0, 3.0, nan, nan, nan, nan, nan
0.0, 0.0, 0.0, 4.0, 0.0, 0.0, 0.0, 4.0, nan, nan, nan, nan, nan
0.0, 0.0, 1.0, 0.0, 0.0, 0.0, 1.0, 0.0, nan, nan, nan, nan, nan
0.0, 0.0, 1.0, 1.0, 0.0, 0.0, 1.0, 1.0, nan, nan, nan, nan, nan
0.0, 0.0, 1.0, 2.0, 0.0, 0.0, 1.0, 2.0, nan, nan, nan, nan, nan
0.0, 0.0, 1.0, 3.0, 0.0, 0.0, 1.0, 3.0, nan, nan, nan, nan, nan
0.0, 0.0, 1.0, 4.0, 0.0, 0.0, 1.0, 4.0, nan, nan, nan, nan, nan
0.0, 0.0, 2.0, 0.0, 0.0, 0.0, 2.0, 0.0, nan, nan, nan, nan, nan
0.0, 0.0, 2.0, 1.0, 0.0, 0.0, 2.0, 1.0, nan, nan, nan, nan, nan
0.0, 0.0, 2.0, 2.0, 0.0, 0.0, 2.0, 2.0, nan, nan, nan, nan, nan
0.0, 0.0, 2.0, 3.0, 0.0, 0.0, 2.0, 3.0, nan, nan, nan, nan, nan
0.0, 0.0, 2.0, 4.0, 0.0, 0.0, 2.0, 4.0, nan, nan, nan, nan, nan
0.0, 0.0, 3.0, 0.0, 0.0, 0.0, 3.0, 0.0, nan, nan, nan, nan, nan
0.0, 0.0, 3.0, 1.0, 0.0, 0.0, 3.0, 1.0, nan, nan, nan, nan, nan
0.0, 0.0, 3.0, 2.0, 0.0, 0.0, 3.0, 2.0, nan, nan, nan, nan, nan
0.0, 0.0, 3.0, 3.0, 0.0, 0.0, 3.0, 3.0, nan, nan, nan, nan, nan
0.0, 0.0, 3.0, 4.0, 0.0, 0.0, 3.0, 4.0, nan, nan, nan, nan, nan
0.0, 0.0, 4.0, 0.0, 0.0, 0.0, 4.0, 0.0, nan, nan, nan, nan, nan
0.0, 0.0, 4.0, 1.0, 0.0, 0.0, 4.0, 1.0, nan, nan, nan, nan, nan
0.0, 0.0, 4.0, 2.0, 0.0, 0.0, 4.0, 2.0, nan, nan, nan, nan, nan
0.0, 0.0, 4.0, 3.0, 0.0, 0.0, 4.0, 3.0, nan, nan, nan, nan, nan
0.0, 0.0, 4.0, 4.0, 0.0, 0.0, 4.0, 4.0, nan, nan, nan, nan, nan
0.0, 1.0, 0.0, 0.0, 0.0, 1.0, 0.0, 0.0, nan, nan, nan, nan, nan
0.0, 1.0, 0.0, 1.0, 0.0, 1.0, 0.0, 1.0, nan, nan, nan, 52.96999942160224, nan
0.0, 1.0, 0.0, 2.0, 0.0, 1.0, 0.0, 2.0, nan, nan, nan, 1.9699892265497219, nan
0.0, 1.0, 0.0, 3.0, 0.0, 1.0, 0.0, 3.0, nan, nan, nan, -47.029999984130136, nan
0.0, 1.0, 0.0, 4.0, 0.0, 1.0, 0.0, 4.0, nan, nan, nan, 0.0, nan
0.0, 1.0, 1.0, 0.0, 0.0, 1.0, 1.0, 0.0, nan, nan, nan, nan, 53.57852165955147
0.0, 1.0, 1.0, 1.0, 0.0, 1.0, 1.0, 1.0, nan, nan, nan, 2.959999963347093, 2.537044991760246
0.0, 1.0, 1.0, 2.0, 0.0, 1.0, 1.0, 2.0, nan, nan, nan, 1.6858170584000003, 1.9699902657634885
0.0, 1.0, 1.0, 3.0, 0.0, 1.0, 1.0, 3.0, nan, nan, nan, -30.631652962097, 2.4663554216898693
0.0, 1.0, 1.0, 4.0, 0.0, 1.0, 1.0, 4.0, nan, nan, nan, 2.9597494611664255, -36.27104450843184
0.0, 1.0, 2.0, 0.0, 0.0, 1.0, 2.0, 0.0, nan, nan, nan, nan, 2.66850781295365
0.0, 1.0, 2.0, 1.0, 0.0, 1.0, 2.0, 1.0, nan, nan, nan, 0.6140599999999999, 1.730493990456579
0.0, 1.0, 2.0, 2.0, 0.0, 1.0, 2.0, 2.0, nan, nan, nan, 2.9599999996865556, 1.9487727305813187
0.0, 1.0, 2.0, 3.0, 0.0, 1.0, 2.0, 3.0, nan, nan, nan, -16.173617, 1.740459520516569
0.0, 1.0, 2.0, 4.0, 0.0, 1.0, 2.0, 4.0, nan, nan, nan, 53.91362113956952, -32.2714876658873
0.0, 1.0, 3.0, 0.0, 0.0, 1.0, 3.0, 0.0, nan, nan, nan, nan, -45.7763557660611
0.0, 1.0, 3.0, 1.0, 0.0, 1.0, 3.0, 1.0, nan, nan, nan, 1.8669005162936108, -18.918794300000002
0.0, 1.0, 3.0, 2.0, 0.0, 1.0, 3.0, 2.0, nan, nan, nan, 1.802882211618421, -26.2212896516
0.0, 1.0, 3.0, 3.0, 0.0, 1.0, 3.0, 3.0, nan, nan, nan, -12.74513, -12.557030000000001
0.0, 1.0, 3.0, 4.0, 0.0, 1.0, 3.0, 4.0, nan, nan, nan, 2.8583629589193404, -19.1602553
0.0, 1.0, 4.0, 0.0, 0.0, 1.0, 4.0, 0.0, nan, nan, nan, nan, 0.0
0.0, 1.0, 4.0, 1.0, 0.0, 1.0, 4.0, 1.0, nan, nan, nan, -15.833155999999999, 1.9660665441212994
0.0, 1.0, 4.0, 2.0, 0.0, 1.0, 4.0, 2.0, nan, nan, nan, -26.2686410447, 52.95236153895293
0.0, 1.0, 4.0, 3.0, 0.0, 1.0, 4.0, 3.0, nan, nan, nan, -24.207310724, 1.9688890758794109
0.0, 1.0, 4.0, 4.0, 0.0, 1.0, 4.0, 4.0, nan, nan, nan, -45.1065132364559, -45.03634382631662
0.0, 2.0, 0.0, 0.0, 0.0, 2.0, 0.0, 0.0, 0.0, nan, nan, nan, nan
0.0, 2.0, 0.0, 1.0, 0.0, 2.0, 0.0, 1.0, 0.9799995250013468, nan, nan, -20.4755, nan
0.0, 2.0, 0.0, 2.0, 0.0, 2.0, 0.0, 2.0, 0.9799951765567785, nan, nan, -0.5217031000000001, nan
0.0, 2.0, 0.0, 3.0, 0.0, 2.0, 0.0, 3.0, 0.9799999999999992, nan, nan, 0.0, nan
0.0, 2.0, 0.0, 4.0, 0.0, 2.0, 0.0, 4.0, 0.9799999998047287, nan, nan, -0.8905810108684877, nan
0.0, 2.0, 1.0, 0.0, 0.0, 2.0, 1.0, 0.0, -0.009999932484487826, nan, nan, nan, -24.019210724
0.0, 2.0, 1.0, 1.0, 0.0, 2.0, 1.0, 1.0, 1.8906437517087962, nan, nan, -20.4755, 0.0
0.0, 2.0, 1.0, 2.0, 0.0, 2.0, 1.0, 2.0, 1.9699576159757959, nan, nan, -0.5217031000000001, -9.5
0.0, 2.0, 1.0, 3.0, 0.0, 2.0, 1.0, 3.0, 2.920623727844017, nan, nan, -0.271, -20.4755
0.0, 2.0, 1.0, 4.0, 0.0, 2.0, 1.0, 4.0, 1.7701119951230941, nan, nan, -0.5217031000000001, -30.62897555
0.0, 2.0, 2.0, 0.0, 0.0, 2.0, 2.0, 0.0, 0.015920784817099267, nan, nan, nan, -0.31125246400000006
0.0, 2.0, 2.0, 1.0, 0.0, 2.0, 2.0, 1.0, 0.9263171838092648, nan, nan, -13.55, -0.19
0.0, 2.0, 2.0, 2.0, 0.0, 2.0, 2.0, 2.0, 1.742408502606455, nan, nan, 0.11819123000000004, -0.271
0.0, 2.0, 2.0, 3.0, 0.0, 2.0, 2.0, 3.0, 2.811213419295113, nan, nan, -0.19, -13.55
0.0, 2.0, 2.0, 4.0, 0.0, 2.0, 2.0, 4.0, 0.00969575158730622, nan, nan, -0.34390000000000004, -0.19
0.0, 2.0, 3.0, 0.0, 0.0, 2.0, 3.0, 0.0, 0.9409462648982567, nan, nan, nan, 0.0
0.0, 2.0, 3.0, 1.0, 0.0, 2.0, 3.0, 1.0, -0.009994360791266052, nan, nan, -20.4755, -0.5217031000000001
0.0, 2.0, 3.0, 2.0, 0.0, 2.0, 3.0, 2.0, -0.009576088417247849, nan, nan, -9.5, -0.34390000000000004
0.0, 2.0, 3.0, 3.0, 0.0, 2.0, 3.0, 3.0, 0.979999995393588, nan, nan, -29.986844617796, -13.55
0.0, 2.0, 3.0, 4.0, 0.0, 2.0, 3.0, 4.0, 0.9622814081856991, nan, nan, -20.258987000000005, -0.40951000000000004
0.0, 2.0, 4.0, 0.0, 0.0, 2.0, 4.0, 0.0, -0.009948462247926811, nan, nan, nan, -0.19
0.0, 2.0, 4.0, 1.0, 0.0, 2.0, 4.0, 1.0, 2.941166451094236, nan, nan, -27.382019270000004, -0.5217031000000001
0.0, 2.0, 4.0, 2.0, 0.0, 2.0, 4.0, 2.0, 0.8834924515860061, nan, nan, -0.10333000000000003, -0.19
0.0, 2.0, 4.0, 3.0, 0.0, 2.0, 4.0, 3.0, 2.941160088408795, nan, nan, -0.12082600000000003, -13.55
0.0, 2.0, 4.0, 4.0, 0.0, 2.0, 4.0, 4.0, -0.006861894039100007, nan, nan, -0.19, -0.40951000000000004
0.0, 3.0, 0.0, 0.0, 0.0, 3.0, 0.0, 0.0, nan, nan, nan, nan, nan
0.0, 3.0, 0.0, 1.0, 0.0, 3.0, 0.0, 1.0, nan, nan, nan, 1.9699999998631323, nan
0.0, 3.0, 0.0, 2.0, 0.0, 3.0, 0.0, 2.0, nan, nan, nan, 0.0, nan
0.0, 3.0, 0.0, 3.0, 0.0, 3.0, 0.0, 3.0, nan, nan, nan, 49.54756492327664, nan
0.0, 3.0, 0.0, 4.0, 0.0, 3.0, 0.0, 4.0, nan, nan, nan, -47.01858349360021, nan
0.0, 3.0, 1.0, 0.0, 0.0, 3.0, 1.0, 0.0, nan, nan, nan, nan, 1.9279118173040002
0.0, 3.0, 1.0, 1.0, 0.0, 3.0, 1.0, 1.0, nan, nan, nan, 2.959999997219582, 1.7544445914109212
0.0, 3.0, 1.0, 2.0, 0.0, 3.0, 1.0, 2.0, nan, nan, nan, 53.95856674691605, -26.7851271137
0.0, 3.0, 1.0, 3.0, 0.0, 3.0, 1.0, 3.0, nan, nan, nan, 0.8067346999999999, 1.9691901363160909
0.0, 3.0, 1.0, 4.0, 0.0, 3.0, 1.0, 4.0, nan, nan, nan, -12.74513, 0.9057347
0.0, 3.0, 2.0, 0.0, 0.0, 3.0, 2.0, 0.0, nan, nan, nan, nan, 0.0
0.0, 3.0, 2.0, 1.0, 0.0, 3.0, 2.0, 1.0, nan, nan, nan, -28.20316068644, 49.54756492327664
0.0, 3.0, 2.0, 2.0, 0.0, 3.0, 2.0, 2.0, nan, nan, nan, -46.03999999999425, -46.334855075264365
0.0, 3.0, 2.0, 3.0, 0.0, 3.0, 2.0, 3.0, nan, nan, nan, -38.42320169195093, 1.969991273505275
0.0, 3.0, 2.0, 4.0, 0.0, 3.0, 2.0, 4.0, nan, nan, nan, -33.53188479942768, 1.9699962435301632
0.0, 3.0, 3.0, 0.0, 0.0, 3.0, 3.0, 0.0, nan, nan, nan, nan, 53.95980638876099
0.0, 3.0, 3.0, 1.0, 0.0, 3.0, 3.0, 1.0, nan, nan, nan, 1.5442411760000003, 0.19699999999999998
0.0, 3.0, 3.0, 2.0, 0.0, 3.0, 3.0, 2.0, nan, nan, nan, 2.9113873183259473, -19.2592553
0.0, 3.0, 3.0, 3.0, 0.0, 3.0, 3.0, 3.0, nan, nan, nan, 0.677483, 0.5624
0.0, 3.0, 3.0, 4.0, 0.0, 3.0, 3.0, 4.0, nan, nan, nan, 0.0, 1.017944
0.0, 3.0, 4.0, 0.0, 0.0, 3.0, 4.0, 0.0, nan, nan, nan, nan, -15.833155999999999
0.0, 3.0, 4.0, 1.0, 0.0, 3.0, 4.0, 1.0, nan, nan, nan, 0.9057347, -15.833155999999999
0.0, 3.0, 4.0, 2.0, 0.0, 3.0, 4.0, 2.0, nan, nan, nan, 2.931294697598288, -28.30216068644
0.0, 3.0, 4.0, 3.0, 0.0, 3.0, 4.0, 3.0, nan, nan, nan, 1.9686284887400132, -18.8538404
0.0, 3.0, 4.0, 4.0, 0.0, 3.0, 4.0, 4.0, nan, nan, nan, -22.03632977, -24.019210724
0.0, 4.0, 0.0, 0.0, 0.0, 4.0, 0.0, 0.0, 0.0, nan, nan, nan, nan
0.0, 4.0, 0.0, 1.0, 0.0, 4.0, 0.0, 1.0, 1.9699995405190418, nan, nan, 0.0, nan
0.0, 4.0, 0.0, 2.0, 0.0, 4.0, 0.0, 2.0, 0.45918782, nan, nan, -13.55, nan
0.0, 4.0, 0.0, 3.0, 0.0, 4.0, 0.0, 3.0, 0.979999999995112, nan, nan, -0.8499053647030009, nan
0.0, 4.0, 0.0, 4.0, 0.0, 4.0, 0.0, 4.0, 0.9799999621110469, nan, nan, -0.717570463519, nan
0.0, 4.0, 1.0, 0.0, 0.0, 4.0, 1.0, 0.0, 1.7252998369344739, nan, nan, nan, 0.0
0.0, 4.0, 1.0, 1.0, 0.0, 4.0, 1.0, 1.0, 2.5601478915687936, nan, nan, -9.1436, -20.4755
0.0, 4.0, 1.0, 2.0, 0.0, 4.0, 1.0, 2.0, 0.8162467528909739, nan, nan, -13.55, -0.271
0.0, 4.0, 1.0, 3.0, 0.0, 4.0, 1.0, 3.0, 1.1016007226815823, nan, nan, -16.978487, -0.19
0.0, 4.0, 1.0, 4.0, 0.0, 4.0, 1.0, 4.0, 1.9699999007192976, nan, nan, -20.4755, -0.46855900000000006
0.0, 4.0, 2.0, 0.0, 0.0, 4.0, 2.0, 0.0, -0.009990449950492043, nan, nan, nan, -9.5
0.0, 4.0, 2.0, 1.0, 0.0, 4.0, 2.0, 1.0, -0.009994360791266052, nan, nan, -0.271, -26.085155
0.0, 4.0, 2.0, 2.0, 0.0, 4.0, 2.0, 2.0, 0.5602049, nan, nan, -5.0, -4.703
0.0, 4.0, 2.0, 3.0, 0.0, 4.0, 2.0, 3.0, -0.00999823035654573, nan, nan, -0.3551841443816014, -39.13035465052612
0.0, 4.0, 2.0, 4.0, 0.0, 4.0, 2.0, 4.0, 1.2121496, nan, nan, -0.009463063329999966, -9.5
0.0, 4.0, 3.0, 0.0, 0.0, 4.0, 3.0, 0.0, -0.00999630011514966, nan, nan, nan, -0.7458134171671
0.0, 4.0, 3.0, 1.0, 0.0, 4.0, 3.0, 1.0, 2.12400857201624, nan, nan, -0.271, -9.5
0.0, 4.0, 3.0, 2.0, 0.0, 4.0, 3.0, 2.0, 1.7986815945269006, nan, nan, -9.5, 0.8249795963
0.0, 4.0, 3.0, 3.0, 0.0, 4.0, 3.0, 3.0, -0.00941850262996961, nan, nan, -0.271, -0.22904614090629993
0.0, 4.0, 3.0, 4.0, 0.0, 4.0, 3.0, 4.0, 0.805612769, nan, nan, -0.1, 0.8694435684649119
0.0, 4.0, 4.0, 0.0, 0.0, 4.0, 4.0, 0.0, 0.0410321760009797, nan, nan, nan, -0.19
0.0, 4.0, 4.0, 1.0, 0.0, 4.0, 4.0, 1.0, 2.893315937346979, nan, nan, -0.19, -9.5
0.0, 4.0, 4.0, 2.0, 0.0, 4.0, 4.0, 2.0, 0.8067346999999999, nan, nan, 0.0, -0.1
0.0, 4.0, 4.0, 3.0, 0.0, 4.0, 4.0, 3.0, 0.359656379, nan, nan, -0.19, 0.0
0.0, 4.0, 4.0, 4.0, 0.0, 4.0, 4.0, 4.0, -0.0010000000000000009, nan, nan, 0.04975999999999997, 0.0
1.0, 0.0, 0.0, 0.0, 1.0, 0.0, 0.0, 0.0, nan, nan, nan, nan, nan
1.0, 0.0, 0.0, 1.0, 1.0, 0.0, 0.0, 1.0, nan, nan, 51.64926761076976, nan, nan
1.0, 0.0, 0.0, 2.0, 1.0, 0.0, 0.0, 2.0, nan, nan, 0.9799455773790091, nan, nan
1.0, 0.0, 0.0, 3.0, 1.0, 0.0, 0.0, 3.0, nan, nan, -48.00223315294861, nan, nan
1.0, 0.0, 0.0, 4.0, 1.0, 0.0, 0.0, 4.0, nan, nan, 0.0, nan, nan
1.0, 0.0, 1.0, 0.0, 1.0, 0.0, 1.0, 0.0, nan, 26.601641069000003, nan, nan, nan
1.0, 0.0, 1.0, 1.0, 1.0, 0.0, 1.0, 1.0, nan, -0.00918096689378229, 0.625006367038497, nan, nan
1.0, 0.0, 1.0, 2.0, 1.0, 0.0, 1.0, 2.0, nan, -0.008696202905983916, -0.008784233454094317, nan, nan
1.0, 0.0, 1.0, 3.0, 1.0, 0.0, 1.0, 3.0, nan, 0.04541267505757221, -16.586249000000002, nan, nan
1.0, 0.0, 1.0, 4.0, 1.0, 0.0, 1.0, 4.0, nan, -31.276461306398005, -0.00999999999696303, nan, nan
1.0, 0.0, 2.0, 0.0, 1.0, 0.0, 2.0, 0.0, nan, -0.009999960132765223, nan, nan, nan
1.0, 0.0, 2.0, 1.0, 1.0, 0.0, 2.0, 1.0, nan, 0.9749395081239324, -0.0019000000000000017, nan, nan
1.0, 0.0, 2.0, 2.0, 1.0, 0.0, 2.0, 2.0, nan, 0.979999999959501, 0.0060249045232977855, nan, nan
1.0, 0.0, 2.0, 3.0, 1.0, 0.0, 2.0, 3.0, nan, 0.5078875751064176, -16.514078, nan, nan
1.0, 0.0, 2.0, 4.0, 1.0, 0.0, 2.0, 4.0, nan, -25.163254031, 50.989983784835786, nan, nan
1.0, 0.0, 3.0, 0.0, 1.0, 0.0, 3.0, 0.0, nan, -49.009999999923295, nan, nan, nan
1.0, 0.0, 3.0, 1.0, 1.0, 0.0, 3.0, 1.0, nan, -22.96407659, 0.9730717425196518, nan, nan
1.0, 0.0, 3.0, 2.0, 1.0, 0.0, 3.0, 2.0, nan, -47.1401683996385, 0.9346543531612556, nan, nan
1.0, 0.0, 3.0, 3.0, 1.0, 0.0, 3.0, 3.0, nan, -48.01629482447228, -47.94233680885831, nan, nan
1.0, 0.0, 3.0, 4.0, 1.0, 0.0, 3.0, 4.0, nan, -29.55864842411, -0.009983826907300783, nan, nan
1.0, 0.0, 4.0, 0.0, 1.0, 0.0, 4.0, 0.0, nan, 0.0, nan, nan, nan
1.0, 0.0, 4.0, 1.0, 1.0, 0.0, 4.0, 1.0, nan, 0.9780432554512042, -22.96407659, nan, nan
1.0, 0.0, 4.0, 2.0, 1.0, 0.0, 4.0, 2.0, nan, 51.682340849692785, -22.96407659, nan, nan
1.0, 0.0, 4.0, 3.0, 1.0, 0.0, 4.0, 3.0, nan, 0.9463498985611333, -25.163254031, nan, nan
1.0, 0.0, 4.0, 4.0, 1.0, 0.0, 4.0, 4.0, nan, -47.14373086562015, -47.32715155967465, nan, nan
1.0, 1.0, 0.0, 0.0, 1.0, 1.0, 0.0, 0.0, nan, nan, nan, nan, nan
1.0, 1.0, 0.0, 1.0, 1.0, 1.0, 0.0, 1.0, nan, nan, 0.0, 0.0, nan
1.0, 1.0, 0.0, 2.0, 1.0, 1.0, 0.0, 2.0, nan, nan, 0.9799999995917364, 0.730897148823758, nan
1.0, 1.0, 0.0, 3.0, 1.0, 1.0, 0.0, 3.0, nan, nan, 0.9799999929791006, 0.5581421342, nan
1.0, 1.0, 0.0, 4.0, 1.0, 1.0, 0.0, 4.0, nan, nan, 0.0, 0.0, nan
1.0, 1.0, 1.0, 0.0, 1.0, 1.0, 1.0, 0.0, nan, 0.0, nan, nan, 0.0
1.0, 1.0, 1.0, 1.0, 1.0, 1.0, 1.0, 1.0, nan, 0.9800001349478485, 1.9699999999999056, 1.97, 0.980000052183494
1.0, 1.0, 1.0, 2.0, 1.0, 1.0, 1.0, 2.0, nan, 0.37429999999999997, 0.0, 2.9599289535702544, 0.45367999999999997
1.0, 1.0, 1.0, 3.0, 1.0, 1.0, 1.0, 3.0, nan, 2.325258228865407, 1.5856731879723767, 1.6523192118640275, 2.959999999999997
1.0, 1.0, 1.0, 4.0, 1.0, 1.0, 1.0, 4.0, nan, -0.00993909654567324, -0.009942735831029788, -0.009936373145588652, -0.009942114962610514
1.0, 1.0, 2.0, 0.0, 1.0, 1.0, 2.0, 0.0, nan, 1.535490092172831, nan, nan, -0.008146979811148166
1.0, 1.0, 2.0, 1.0, 1.0, 1.0, 2.0, 1.0, nan, -0.0010000000000000009, 1.3825465641195203, 0.53387, -0.0027100000000000023
1.0, 1.0, 2.0, 2.0, 1.0, 1.0, 2.0, 2.0, nan, 0.0015503779117115738, 1.9531968394334303, 2.959999999999997, -0.0004280268307753029
1.0, 1.0, 2.0, 3.0, 1.0, 1.0, 2.0, 3.0, nan, 0.09556100000000001, 0.30524809085089993, -0.0027100000000000023, 0.9286595972000158
1.0, 1.0, 2.0, 4.0, 1.0, 1.0, 2.0, 4.0, nan, 1.3906336304898048, -0.0019000000000000017, -0.0027100000000000023, 0.17548999999999998
1.0, 1.0, 3.0, 0.0, 1.0, 1.0, 3.0, 0.0, nan, -0.008649148282327017, nan, nan, -0.008649148282327017
1.0, 1.0, 3.0, 1.0, 1.0, 1.0, 3.0, 1.0, nan, 1.017944, -0.0010000000000000009, -0.0010000000000000009, 0.296
1.0, 1.0, 3.0, 2.0, 1.0, 1.0, 3.0, 2.0, nan, 0.9799829041779322, 0.098, 0.3363659, 0.18539
1.0, 1.0, 3.0, 3.0, 1.0, 1.0, 3.0, 3.0, nan, -0.0010000000000000009, 0.8011012186700001, 0.0, 0.0
1.0, 1.0, 3.0, 4.0, 1.0, 1.0, 3.0, 4.0, nan, -0.0034390000000000033, 1.039502421505139, -0.0034390000000000033, -0.0027100000000000023
1.0, 1.0, 4.0, 0.0, 1.0, 1.0, 4.0, 0.0, nan, 0.0, nan, nan, 0.0
1.0, 1.0, 4.0, 1.0, 1.0, 1.0, 4.0, 1.0, nan, 0.1862, 0.0971, 0.18539, 0.938456664890288
1.0, 1.0, 4.0, 2.0, 1.0, 1.0, 4.0, 2.0, nan, 0.4013198, 2.950986189762202, 1.0172879, 0.45918782
1.0, 1.0, 4.0, 3.0, 1.0, 1.0, 4.0, 3.0, nan, 0.26558000000000004, -0.0010000000000000009, 0.0, 0.8931432064274055
1.0, 1.0, 4.0, 4.0, 1.0, 1.0, 4.0, 4.0, nan, 0.978716179901535, -0.0027100000000000023, -0.004095100000000004, 0.098
1.0, 2.0, 0.0, 0.0, 1.0, 2.0, 0.0, 0.0, nan, nan, nan, nan, nan
1.0, 2.0, 0.0, 1.0, 1.0, 2.0, 0.0, 1.0, nan, nan, 0.9799688137402479, 0.511269038, nan
1.0, 2.0, 0.0, 2.0, 1.0, 2.0, 0.0, 2.0, nan, nan, 0.9096459972061984, 0.37429999999999997, nan
1.0, 2.0, 0.0, 3.0, 1.0, 2.0, 0.0, 3.0, nan, nan, 1.9699364939178192, 0.0, nan
1.0, 2.0, 0.0, 4.0, 1.0, 2.0, 0.0, 4.0, nan, nan, 0.0, 0.9799991062062331, nan
1.0, 2.0, 1.0, 0.0, 1.0, 2.0, 1.0, 0.0, nan, -0.009958254420820718, nan, nan, -0.009958481484204765
1.0, 2.0, 1.0, 1.0, 1.0, 2.0, 1.0, 1.0, nan, 0.13635885139999998, 2.9591129156082787, 0.713222, 0.70316
1.0, 2.0, 1.0, 2.0, 1.0, 2.0, 1.0, 2.0, nan, 0.15724273540396425, 2.9091322813355562, 0.9620987084375958, 2.959999999999997
1.0, 2.0, 1.0, 3.0, 1.0, 2.0, 1.0, 3.0, nan, -0.0034390000000000033, 0.1862, -0.0010000000000000009, 1.9487727305813187
1.0, 2.0, 1.0, 4.0, 1.0, 2.0, 1.0, 4.0, nan, 0.33560103001571007, 1.7262007718202594, 0.26558000000000004, 0.6379464502619
1.0, 2.0, 2.0, 0.0, 1.0, 2.0, 2.0, 0.0, nan, 1.08993464, nan, nan, -0.0027100000000000023
1.0, 2.0, 2.0, 1.0, 1.0, 2.0, 2.0, 1.0, nan, 1.9704250131552923, 0.6360896848055652, 0.17243588065397006, -0.007712320754503908
1.0, 2.0, 2.0, 2.0, 1.0, 2.0, 2.0, 2.0, nan, 2.9599999999657025, -0.007175704635190008, 0.3940921870209251, -0.005695327900000006
1.0, 2.0, 2.0, 3.0, 1.0, 2.0, 2.0, 3.0, nan, 1.5641885786414476, 0.30930199999999997, -0.004095100000000004, 0.29356099999999996
1.0, 2.0, 2.0, 4.0, 1.0, 2.0, 2.0, 4.0, nan, 0.9797618627944239, -0.006125795110000006, -0.0027100000000000023, -0.0034390000000000033
1.0, 2.0, 3.0, 0.0, 1.0, 2.0, 3.0, 0.0, nan, 2.958781222744389, nan, nan, 0.0
1.0, 2.0, 3.0, 1.0, 1.0, 2.0, 3.0, 1.0, nan, -0.004685590000000005, 0.0, 1.9699993039185562, 0.4013198
1.0, 2.0, 3.0, 2.0, 1.0, 2.0, 3.0, 2.0, nan, -0.0019000000000000017, 0.0, 0.0, 0.9230132577370207
1.0, 2.0, 3.0, 3.0, 1.0, 2.0, 3.0, 3.0, nan, -0.005217031000000006, 0.45918782, 2.145121079935972, 0.26558000000000004
1.0, 2.0, 3.0, 4.0, 1.0, 2.0, 3.0, 4.0, nan, -0.0034390000000000033, 0.8479240674395008, 0.37429999999999997, 0.5894198
1.0, 2.0, 4.0, 0.0, 1.0, 2.0, 4.0, 0.0, nan, 0.0, nan, nan, 2.1215308780552857
1.0, 2.0, 4.0, 1.0, 1.0, 2.0, 4.0, 1.0, nan, 0.9799909238406116, -0.004685590000000005, 0.0, 0.18539
1.0, 2.0, 4.0, 2.0, 1.0, 2.0, 4.0, 2.0, nan, 0.9668253919461195, -0.0019000000000000017, -0.005217031000000006, 0.0
1.0, 2.0, 4.0, 3.0, 1.0, 2.0, 4.0, 3.0, nan, 0.9797356728265211, -0.004095100000000004, -0.0010000000000000009, 1.27001762
1.0, 2.0, 4.0, 4.0, 1.0, 2.0, 4.0, 4.0, nan, 1.9507790846756121, 0.55961441, -0.006125795110000006, 0.33702200000000004
1.0, 3.0, 0.0, 0.0, 1.0, 3.0, 0.0, 0.0, nan, nan, nan, nan, nan
1.0, 3.0, 0.0, 1.0, 1.0, 3.0, 0.0, 1.0, nan, nan, 0.26558000000000004, 1.9699962435301632, nan
1.0, 3.0, 0.0, 2.0, 1.0, 3.0, 0.0, 2.0, nan, nan, 0.9754543702671435, 0.0, nan
1.0, 3.0, 0.0, 3.0, 1.0, 3.0, 0.0, 3.0, nan, nan, 0.37429999999999997, 0.0, nan
1.0, 3.0, 0.0, 4.0, 1.0, 3.0, 0.0, 4.0, nan, nan, 0.0, 0.9799999999993396, nan
1.0, 3.0, 1.0, 0.0, 1.0, 3.0, 1.0, 0.0, nan, 2.959201624047451, nan, nan, 1.2115591099999998
1.0, 3.0, 1.0, 1.0, 1.0, 3.0, 1.0, 1.0, nan, 2.959999991784367, 0.45918782, -0.005695327900000006, -0.006125795110000006
1.0, 3.0, 1.0, 2.0, 1.0, 3.0, 1.0, 2.0, nan, 1.91741162625674, 2.959999999999997, -0.009982029897000868, 0.9254030896963829
1.0, 3.0, 1.0, 3.0, 1.0, 3.0, 1.0, 3.0, nan, 0.19699999999999998, -0.0034390000000000033, 0.0, 2.207607714814616
1.0, 3.0, 1.0, 4.0, 1.0, 3.0, 1.0, 4.0, nan, 2.958904834084295, 0.0, 0.26558000000000004, 0.263072969
1.0, 3.0, 2.0, 0.0, 1.0, 3.0, 2.0, 0.0, nan, -0.0034390000000000033, nan, nan, 0.0
1.0, 3.0, 2.0, 1.0, 1.0, 3.0, 2.0, 1.0, nan, 1.0868748907972798, 1.4605905392862666, 1.9259259792559702, 1.9699277082495559
1.0, 3.0, 2.0, 2.0, 1.0, 3.0, 2.0, 2.0, nan, 1.4858889542000002, 0.8842729770439138, 2.959999932424262, 0.511269038
1.0, 3.0, 2.0, 3.0, 1.0, 3.0, 2.0, 3.0, nan, -0.005217031000000006, 2.9599999999996474, 1.8132353525600002, 0.638295128702
1.0, 3.0, 2.0, 4.0, 1.0, 3.0, 2.0, 4.0, nan, 0.08639000000000001, -0.0010000000000000009, 0.525122, 1.969814729165865
1.0, 3.0, 3.0, 0.0, 1.0, 3.0, 3.0, 0.0, nan, 0.0, nan, nan, 0.0
1.0, 3.0, 3.0, 1.0, 1.0, 3.0, 3.0, 1.0, nan, -0.0010000000000000009, 2.697657031658285, 0.24297903800000004, -0.0019000000000000017
1.0, 3.0, 3.0, 2.0, 1.0, 3.0, 3.0, 2.0, nan, 0.26360441, -0.0027100000000000023, -0.0010000000000000009, 0.9166813974855785
1.0, 3.0, 3.0, 3.0, 1.0, 3.0, 3.0, 3.0, nan, 0.0, 0.0, 0.0, 0.0
1.0, 3.0, 3.0, 4.0, 1.0, 3.0, 3.0, 4.0, nan, 0.8162467528909739, 0.0, 0.0, -0.0027100000000000023
1.0, 3.0, 4.0, 0.0, 1.0, 3.0, 4.0, 0.0, nan, 0.0, nan, nan, 2.958904834084295
1.0, 3.0, 4.0, 1.0, 1.0, 3.0, 4.0, 1.0, nan, 0.9166839379999999, 0.19456099999999998, 0.0971, 0.296
1.0, 3.0, 4.0, 2.0, 1.0, 3.0, 4.0, 2.0, nan, 0.5581421342, 2.9499846552913356, 0.801431, 0.098
1.0, 3.0, 4.0, 3.0, 1.0, 3.0, 4.0, 3.0, nan, 0.1862, 0.098, -0.0019000000000000017, 0.9760831308424368
1.0, 3.0, 4.0, 4.0, 1.0, 3.0, 4.0, 4.0, nan, 0.37429999999999997, 1.5442411760000003, 0.0, 0.2951
1.0, 4.0, 0.0, 0.0, 1.0, 4.0, 0.0, 0.0, nan, nan, nan, nan, nan
1.0, 4.0, 0.0, 1.0, 1.0, 4.0, 0.0, 1.0, nan, nan, 0.9754543702671435, 0.0, nan
1.0, 4.0, 0.0, 2.0, 1.0, 4.0, 0.0, 2.0, nan, nan, 0.9799919425931959, 0.6724656158318, nan
1.0, 4.0, 0.0, 3.0, 1.0, 4.0, 0.0, 3.0, nan, nan, 1.97, 0.9704962174480821, nan
1.0, 4.0, 0.0, 4.0, 1.0, 4.0, 0.0, 4.0, nan, nan, 0.0, 0.8608548785012421, nan
1.0, 4.0, 1.0, 0.0, 1.0, 4.0, 1.0, 0.0, nan, 0.24875633195242966, nan, nan, 0.0
1.0, 4.0, 1.0, 1.0, 1.0, 4.0, 1.0, 1.0, nan, -0.0010000000000000009, 0.5313629689999999, -0.005695327900000006, 0.9795026217896645
1.0, 4.0, 1.0, 2.0, 1.0, 4.0, 1.0, 2.0, nan, 0.46358, 0.0, 2.7238913284924564, 0.098
1.0, 4.0, 1.0, 3.0, 1.0, 4.0, 1.0, 3.0, nan, 0.6312522979617223, 2.95999999999987, 0.9216210248899999, 0.5581421342
1.0, 4.0, 1.0, 4.0, 1.0, 4.0, 1.0, 4.0, nan, 0.07748000000000001, -0.0010000000000000009, -0.0019000000000000017, 1.6578031585822426
1.0, 4.0, 2.0, 0.0, 1.0, 4.0, 2.0, 0.0, nan, 1.7938162605952, nan, nan, -0.005695327900000006
1.0, 4.0, 2.0, 1.0, 1.0, 4.0, 2.0, 1.0, nan, 1.9699476740441924, 0.56159, -0.0019000000000000017, 0.56159
1.0, 4.0, 2.0, 2.0, 1.0, 4.0, 2.0, 2.0, nan, 1.321717059971, 0.721964842553913, -0.007458134171671008, 1.9699999998887037
1.0, 4.0, 2.0, 3.0, 1.0, 4.0, 2.0, 3.0, nan, 1.3202875749414806, 0.027343460934710004, 2.959999999673456, 0.5826552223337
1.0, 4.0, 2.0, 4.0, 1.0, 4.0, 2.0, 4.0, nan, 0.5306371100000001, -0.0019000000000000017, 0.23647490000000002, -0.0019000000000000017
1.0, 4.0, 3.0, 0.0, 1.0, 4.0, 3.0, 0.0, nan, -0.009986899794913635, nan, nan, -0.009986032923677658
1.0, 4.0, 3.0, 1.0, 1.0, 4.0, 3.0, 1.0, nan, -0.0019000000000000017, 0.64105874, 1.7894734473548244, -0.0027100000000000023
1.0, 4.0, 3.0, 2.0, 1.0, 4.0, 3.0, 2.0, nan, -0.007458134171671008, 1.078157685633397, 1.4102246586946583, 2.9599999999984035
1.0, 4.0, 3.0, 3.0, 1.0, 4.0, 3.0, 3.0, nan, 0.3392944386775101, 0.9843879639719326, 2.9599608455485065, 0.40838720489
1.0, 4.0, 3.0, 4.0, 1.0, 4.0, 3.0, 4.0, nan, -0.0034390000000000033, 1.598497541472304, 0.098, 0.21321980000000004
1.0, 4.0, 4.0, 0.0, 1.0, 4.0, 4.0, 0.0, nan, 0.0, nan, nan, 0.0
1.0, 4.0, 4.0, 1.0, 1.0, 4.0, 4.0, 1.0, nan, 0.26558000000000004, 0.0, 0.0, 0.0
1.0, 4.0, 4.0, 2.0, 1.0, 4.0, 4.0, 2.0, nan, 0.098, -0.0010000000000000009, -0.0010000000000000009, 0.098
1.0, 4.0, 4.0, 3.0, 1.0, 4.0, 4.0, 3.0, nan, 0.9601299516013636, -0.0027100000000000023, 0.0, 0.1862
1.0, 4.0, 4.0, 4.0, 1.0, 4.0, 4.0, 4.0, nan, 0.37429999999999997, -0.0010000000000000009, 0.0, 0.0
2.0, 0.0, 0.0, 0.0, 2.0, 0.0, 0.0, 0.0, 0.0, nan, nan, nan, nan
2.0, 0.0, 0.0, 1.0, 2.0, 0.0, 0.0, 1.0, 0.978716179901535, nan, -20.4755, nan, nan
2.0, 0.0, 0.0, 2.0, 2.0, 0.0, 0.0, 2.0, 0.9714465957032739, nan, -0.6513215599000001, nan, nan
2.0, 0.0, 0.0, 3.0, 2.0, 0.0, 0.0, 3.0, 0.9799999999999994, nan, 0.0, nan, nan
2.0, 0.0, 0.0, 4.0, 2.0, 0.0, 0.0, 4.0, 0.9799999358347253, nan, -0.814697981114816, nan, nan
2.0, 0.0, 1.0, 0.0, 2.0, 0.0, 1.0, 0.0, -0.009999999998823422, -36.879633348484106, nan, nan, nan
2.0, 0.0, 1.0, 1.0, 2.0, 0.0, 1.0, 1.0, 0.9230612299999998, -13.352, -13.55, nan, nan
2.0, 0.0, 1.0, 2.0, 2.0, 0.0, 1.0, 2.0, 1.9697712705751416, -23.42795, -0.40951000000000004, nan, nan
2.0, 0.0, 1.0, 3.0, 2.0, 0.0, 1.0, 3.0, 2.958904834084295, -20.4755, -0.271, nan, nan
2.0, 0.0, 1.0, 4.0, 2.0, 0.0, 1.0, 4.0, 1.4519945829648602, -41.63624467846627, -0.717570463519, nan, nan
2.0, 0.0, 2.0, 0.0, 2.0, 0.0, 2.0, 0.0, -0.004685590000000005, -0.271, nan, nan, nan
2.0, 0.0, 2.0, 1.0, 2.0, 0.0, 2.0, 1.0, 0.97631428281426, -0.40951000000000004, -13.55, nan, nan
2.0, 0.0, 2.0, 2.0, 2.0, 0.0, 2.0, 2.0, 1.244748844592, 0.0, -0.19, nan, nan
2.0, 0.0, 2.0, 3.0, 2.0, 0.0, 2.0, 3.0, 2.926067138294126, -20.410546100000005, -0.3963880000000001, nan, nan
2.0, 0.0, 2.0, 4.0, 2.0, 0.0, 2.0, 4.0, -0.009942735831029788, -0.40951000000000004, -0.40951000000000004, nan, nan
2.0, 0.0, 3.0, 0.0, 2.0, 0.0, 3.0, 0.0, 1.262529588859421, 0.0, nan, nan, nan
2.0, 0.0, 3.0, 1.0, 2.0, 0.0, 3.0, 1.0, -0.009983826907300783, -0.40951000000000004, -30.62897555, nan, nan
2.0, 0.0, 3.0, 2.0, 2.0, 0.0, 3.0, 2.0, -0.00979724440409556, -0.34390000000000004, -17.195, nan, nan
2.0, 0.0, 3.0, 3.0, 2.0, 0.0, 3.0, 3.0, 0.9799999021021956, -26.085155, -32.148591926, nan, nan
2.0, 0.0, 3.0, 4.0, 2.0, 0.0, 3.0, 4.0, 0.9595526721596457, -0.19, -9.5, nan, nan
2.0, 0.0, 4.0, 0.0, 2.0, 0.0, 4.0, 0.0, -0.00999985884183615, -0.717570463519, nan, nan, nan
2.0, 0.0, 4.0, 1.0, 2.0, 0.0, 4.0, 1.0, 2.9599999981205256, -0.6513215599000001, -34.13379652709901, nan, nan
2.0, 0.0, 4.0, 2.0, 2.0, 0.0, 4.0, 2.0, 0.9784310341521253, -0.34390000000000004, -0.34390000000000004, nan, nan
2.0, 0.0, 4.0, 3.0, 2.0, 0.0, 4.0, 3.0, 2.2826181754086052, -13.55, -0.1, nan, nan
2.0, 0.0, 4.0, 4.0, 2.0, 0.0, 4.0, 4.0, -0.009999806367402123, -0.6513215599000001, -0.34390000000000004, nan, nan
2.0, 1.0, 0.0, 0.0, 2.0, 1.0, 0.0, 0.0, nan, nan, nan, nan, nan
2.0, 1.0, 0.0, 1.0, 2.0, 1.0, 0.0, 1.0, nan, nan, 1.9699942745468113, 1.186290334592, nan
2.0, 1.0, 0.0, 2.0, 2.0, 1.0, 0.0, 2.0, nan, nan, 0.4013198, 1.8772104646642498, nan
2.0, 1.0, 0.0, 3.0, 2.0, 1.0, 0.0, 3.0, nan, nan, 0.0, 0.979971077587878, nan
2.0, 1.0, 0.0, 4.0, 2.0, 1.0, 0.0, 4.0, nan, nan, 0.9798595257025992, 0.0, nan
2.0, 1.0, 1.0, 0.0, 2.0, 1.0, 1.0, 0.0, nan, -0.007175704635190008, nan, nan, 1.5533527860551677
2.0, 1.0, 1.0, 1.0, 2.0, 1.0, 1.0, 1.0, nan, 2.959948383164747, 0.40072931, 0.9379385507335909, 0.09952999010000001
2.0, 1.0, 1.0, 2.0, 2.0, 1.0, 1.0, 2.0, nan, -0.009993734212517834, 1.97, 0.9681776424964852, -0.009977814687655389
2.0, 1.0, 1.0, 3.0, 2.0, 1.0, 1.0, 3.0, nan, -0.004095100000000004, 2.9599535746483285, 0.363851, 0.18466100000000002
2.0, 1.0, 1.0, 4.0, 2.0, 1.0, 1.0, 4.0, nan, 1.016165969, 1.0083118932455952, 2.9599913972886065, -0.004685590000000005
2.0, 1.0, 2.0, 0.0, 2.0, 1.0, 2.0, 0.0, nan, -0.007941088679053517, nan, nan, -0.007712320754503908
2.0, 1.0, 2.0, 1.0, 2.0, 1.0, 2.0, 1.0, nan, 1.969989221080965, 0.33212871816996664, -0.007941088679053517, 1.0125987665459057
2.0, 1.0, 2.0, 2.0, 2.0, 1.0, 2.0, 2.0, nan, 2.9577102801299686, -0.004685590000000005, 0.264851, -0.004685590000000005
2.0, 1.0, 2.0, 3.0, 2.0, 1.0, 2.0, 3.0, nan, 0.19699999999999998, 1.579395317767454, -0.0010000000000000009, -0.0010000000000000009
2.0, 1.0, 2.0, 4.0, 2.0, 1.0, 2.0, 4.0, nan, 1.6858170584000003, 0.0, -0.0010000000000000009, -0.0010000000000000009
2.0, 1.0, 3.0, 0.0, 2.0, 1.0, 3.0, 0.0, nan, 0.0, nan, nan, -0.006125795110000006
2.0, 1.0, 3.0, 1.0, 2.0, 1.0, 3.0, 1.0, nan, 0.26558000000000004, -0.0027100000000000023, -0.0010000000000000009, 1.886489418197825
2.0, 1.0, 3.0, 2.0, 2.0, 1.0, 3.0, 2.0, nan, 1.9692131148407048, 0.29356099999999996, -0.0019000000000000017, 0.296
2.0, 1.0, 3.0, 3.0, 2.0, 1.0, 3.0, 3.0, nan, 1.7038822116184211, 0.0, 0.29429, 0.19609999999999997
2.0, 1.0, 3.0, 4.0, 2.0, 1.0, 3.0, 4.0, nan, 0.5581421342, -0.0019000000000000017, -0.0019000000000000017, 2.697568402277089
2.0, 1.0, 4.0, 0.0, 2.0, 1.0, 4.0, 0.0, nan, 2.959912642510324, nan, nan, 0.0
2.0, 1.0, 4.0, 1.0, 2.0, 1.0, 4.0, 1.0, nan, 0.15766999999999998, 0.677483, 2.95999700042001, 0.33702200000000004
2.0, 1.0, 4.0, 2.0, 2.0, 1.0, 4.0, 2.0, nan, 0.33702200000000004, 0.5624, 0.8067346999999999, 1.8783977181644917
2.0, 1.0, 4.0, 3.0, 2.0, 1.0, 4.0, 3.0, nan, 0.26558000000000004, -0.0019000000000000017, 2.959353315478435, 0.0
2.0, 1.0, 4.0, 4.0, 2.0, 1.0, 4.0, 4.0, nan, 0.098, 0.37429999999999997, -0.0027100000000000023, 0.9788445619113815
2.0, 2.0, 0.0, 0.0, 2.0, 2.0, 0.0, 0.0, nan, nan, nan, nan, nan
2.0, 2.0, 0.0, 1.0, 2.0, 2.0, 0.0, 1.0, nan, nan, 0.8476165316680467, 0.9799998792617154, nan
2.0, 2.0, 0.0, 2.0, 2.0, 2.0, 0.0, 2.0, nan, nan, 0.0, 0.0, nan
2.0, 2.0, 0.0, 3.0, 2.0, 2.0, 0.0, 3.0, nan, nan, 0.0, 0.0, nan
2.0, 2.0, 0.0, 4.0, 2.0, 2.0, 0.0, 4.0, nan, nan, 1.9699999999793325, 1.7248987626419776, nan
2.0, 2.0, 1.0, 0.0, 2.0, 2.0, 1.0, 0.0, nan, -0.0099999073861287, nan, nan, -0.009999897095698556
2.0, 2.0, 1.0, 1.0, 2.0, 2.0, 1.0, 1.0, nan, 0.5624, 0.09629, -0.0010000000000000009, 2.958330794214747
2.0, 2.0, 1.0, 2.0, 2.0, 2.0, 1.0, 2.0, nan, 0.0, 1.8554450181040119, 0.0, -0.0010000000000000009
2.0, 2.0, 1.0, 3.0, 2.0, 2.0, 1.0, 3.0, nan, -0.004095100000000004, 1.2753299077371598, 0.7175211059609, -0.0027100000000000023
2.0, 2.0, 1.0, 4.0, 2.0, 2.0, 1.0, 4.0, nan, 0.9208849259608999, 2.207607714814616, 2.9599999999998556, 1.7584957957122227
2.0, 2.0, 2.0, 0.0, 2.0, 2.0, 2.0, 0.0, nan, 0.0, nan, nan, 0.0
2.0, 2.0, 2.0, 1.0, 2.0, 2.0, 2.0, 1.0, nan, 0.80216, 0.0, 0.0, 0.0
2.0, 2.0, 2.0, 2.0, 2.0, 2.0, 2.0, 2.0, nan, 0.45367999999999997, 1.2121496, 1.017944, 1.9656294934681104
2.0, 2.0, 2.0, 3.0, 2.0, 2.0, 2.0, 3.0, nan, 0.26558000000000004, -0.0019000000000000017, -0.0010000000000000009, 0.0
2.0, 2.0, 2.0, 4.0, 2.0, 2.0, 2.0, 4.0, nan, 0.2951, -0.0034390000000000033, -0.0019000000000000017, 2.9457601191021734
2.0, 2.0, 3.0, 0.0, 2.0, 2.0, 3.0, 0.0, nan, 0.0, nan, nan, 0.0
2.0, 2.0, 3.0, 1.0, 2.0, 2.0, 3.0, 1.0, nan, 0.37429999999999997, -0.005695327900000006, -0.0027100000000000023, 1.9684404979254586
2.0, 2.0, 3.0, 2.0, 2.0, 2.0, 3.0, 2.0, nan, 0.098, 0.0, 0.53387, 0.098
2.0, 2.0, 3.0, 3.0, 2.0, 2.0, 3.0, 3.0, nan, 0.5581421342, -0.0019000000000000017, -0.0010000000000000009, 0.098
2.0, 2.0, 3.0, 4.0, 2.0, 2.0, 3.0, 4.0, nan, 0.098, 0.296, 2.411506024099855, 0.1862
2.0, 2.0, 4.0, 0.0, 2.0, 2.0, 4.0, 0.0, nan, 0.8635752664176747, nan, nan, 0.6192570896542574
2.0, 2.0, 4.0, 1.0, 2.0, 2.0, 4.0, 1.0, nan, 0.56159, 0.33702200000000004, 0.098, 2.941149208216691
2.0, 2.0, 4.0, 2.0, 2.0, 2.0, 4.0, 2.0, nan, -0.0010000000000000009, 0.56159, 2.5601478915687936, 0.18539
2.0, 2.0, 4.0, 3.0, 2.0, 2.0, 4.0, 3.0, nan, 0.9876555144566499, 0.1442888797857385, -0.0019000000000000017, 0.0971
2.0, 2.0, 4.0, 4.0, 2.0, 2.0, 4.0, 4.0, nan, 0.37429999999999997, 0.296, 0.296, 1.730493990456579
2.0, 3.0, 0.0, 0.0, 2.0, 3.0, 0.0, 0.0, nan, nan, nan, nan, nan
2.0, 3.0, 0.0, 1.0, 2.0, 3.0, 0.0, 1.0, nan, nan, 1.905151845575947, 1.969999999999993, nan
2.0, 3.0, 0.0, 2.0, 2.0, 3.0, 0.0, 2.0, nan, nan, 1.8985793765379166, 0.0, nan
2.0, 3.0, 0.0, 3.0, 2.0, 3.0, 0.0, 3.0, nan, nan, 0.0, 1.9699921461547476, nan
2.0, 3.0, 0.0, 4.0, 2.0, 3.0, 0.0, 4.0, nan, nan, 0.9230612299999998, 0.9799946406186427, nan
2.0, 3.0, 1.0, 0.0, 2.0, 3.0, 1.0, 0.0, nan, 2.9599999999014637, nan, nan, 2.3725373396547527
2.0, 3.0, 1.0, 1.0, 2.0, 3.0, 1.0, 1.0, nan, -0.007458134171671008, 2.959999832629274, 1.283103473003, 0.2729284953287832
2.0, 3.0, 1.0, 2.0, 2.0, 3.0, 1.0, 2.0, nan, -0.0027100000000000023, 1.7954001190428464, -0.0019000000000000017, 0.0971
2.0, 3.0, 1.0, 3.0, 2.0, 3.0, 1.0, 3.0, nan, -0.006513215599000007, -0.007458134171671008, 0.9804694057689499, 1.9699999997424587
2.0, 3.0, 1.0, 4.0, 2.0, 3.0, 1.0, 4.0, nan, -0.005695327900000006, 0.78026321456, 0.9799981501603058, 0.511269038
2.0, 3.0, 2.0, 0.0, 2.0, 3.0, 2.0, 0.0, nan, 2.9527010322386174, nan, nan, 0.0
2.0, 3.0, 2.0, 1.0, 2.0, 3.0, 2.0, 1.0, nan, -0.0027100000000000023, 2.9580764032429703, 0.56159, 0.53387
2.0, 3.0, 2.0, 2.0, 2.0, 3.0, 2.0, 2.0, nan, 1.0879607379650074, 2.9599988365510983, 1.2105493721, 0.7782266905472439
2.0, 3.0, 2.0, 3.0, 2.0, 3.0, 2.0, 3.0, nan, 0.19699999999999998, -0.0019000000000000017, 0.098, 1.5165819735426733
2.0, 3.0, 2.0, 4.0, 2.0, 3.0, 2.0, 4.0, nan, 0.0, 0.0, -0.0010000000000000009, 1.8128601071385617
2.0, 3.0, 3.0, 0.0, 2.0, 3.0, 3.0, 0.0, nan, 0.0, nan, nan, 0.19076659999999998
2.0, 3.0, 3.0, 1.0, 2.0, 3.0, 3.0, 1.0, nan, 1.9560727885344036, -0.0019000000000000017, -0.0019000000000000017, 0.098
2.0, 3.0, 3.0, 2.0, 2.0, 3.0, 3.0, 2.0, nan, 0.8329072574089408, -0.0010000000000000009, 0.0, 0.098
2.0, 3.0, 3.0, 3.0, 2.0, 3.0, 3.0, 3.0, nan, 0.0, 0.0, 0.0, 0.0
2.0, 3.0, 3.0, 4.0, 2.0, 3.0, 3.0, 4.0, nan, 0.677483, 0.0, 0.0, 0.0
2.0, 3.0, 4.0, 0.0, 2.0, 3.0, 4.0, 0.0, nan, 0.237131, nan, nan, 1.2993250848855862
2.0, 3.0, 4.0, 1.0, 2.0, 3.0, 4.0, 1.0, nan, 0.9785879307369127, 0.53387, 0.098, 0.26558000000000004
2.0, 3.0, 4.0, 2.0, 2.0, 3.0, 4.0, 2.0, nan, 0.264851, 0.638295128702, 2.9564006110998333, 0.3363659
2.0, 3.0, 4.0, 3.0, 2.0, 3.0, 4.0, 3.0, nan, 0.19699999999999998, 0.0, 0.23786, 0.19699999999999998
2.0, 3.0, 4.0, 4.0, 2.0, 3.0, 4.0, 4.0, nan, 0.0, 0.15214264910000003, -0.0010000000000000009, 0.0
2.0, 4.0, 0.0, 0.0, 2.0, 4.0, 0.0, 0.0, nan, nan, nan, nan, nan
2.0, 4.0, 0.0, 1.0, 2.0, 4.0, 0.0, 1.0, nan, nan, 1.9699892265497219, 0.0, nan
2.0, 4.0, 0.0, 2.0, 2.0, 4.0, 0.0, 2.0, nan, nan, 0.677483, 0.098, nan
2.0, 4.0, 0.0, 3.0, 2.0, 4.0, 0.0, 3.0, nan, nan, 0.0, 0.9798028042772229, nan
2.0, 4.0, 0.0, 4.0, 2.0, 4.0, 0.0, 4.0, nan, nan, 0.26558000000000004, 1.8948404763780424, nan
2.0, 4.0, 1.0, 0.0, 2.0, 4.0, 1.0, 0.0, nan, -0.0019000000000000017, nan, nan, 0.0
2.0, 4.0, 1.0, 1.0, 2.0, 4.0, 1.0, 1.0, nan, 0.9171659689999999, 1.9699418600491025, 1.017944, 0.60032792078
2.0, 4.0, 1.0, 2.0, 2.0, 4.0, 1.0, 2.0, nan, 1.0172879, 2.959449162428449, 0.098, 0.26558000000000004
2.0, 4.0, 1.0, 3.0, 2.0, 4.0, 1.0, 3.0, nan, 0.53387, 0.801431, 0.9804797834516675, 0.605312
2.0, 4.0, 1.0, 4.0, 2.0, 4.0, 1.0, 4.0, nan, -0.004095100000000004, 0.33702200000000004, 0.37429999999999997, 1.9681186402469313
2.0, 4.0, 2.0, 0.0, 2.0, 4.0, 2.0, 0.0, nan, -0.0019000000000000017, nan, nan, 2.8685266630274064
2.0, 4.0, 2.0, 1.0, 2.0, 4.0, 2.0, 1.0, nan, -0.0019000000000000017, 0.29429, 2.893293408947434, 0.33702200000000004
2.0, 4.0, 2.0, 2.0, 2.0, 4.0, 2.0, 2.0, nan, -0.0019000000000000017, 0.1862, 1.9646015739961427, 0.36439999999999995
2.0, 4.0, 2.0, 3.0, 2.0, 4.0, 2.0, 3.0, nan, -0.004095100000000004, 0.296, 0.7489978999999999, 1.9152087072795934
2.0, 4.0, 2.0, 4.0, 2.0, 4.0, 2.0, 4.0, nan, -0.0010000000000000009, 1.469252431819187, 0.0, 0.19699999999999998
2.0, 4.0, 3.0, 0.0, 2.0, 4.0, 3.0, 0.0, nan, 0.0, nan, nan, 2.2828469433331544
2.0, 4.0, 3.0, 1.0, 2.0, 4.0, 3.0, 1.0, nan, 0.5581421342, 0.372761, 2.947643308562928, 0.922529789
2.0, 4.0, 3.0, 2.0, 2.0, 4.0, 3.0, 2.0, nan, 0.576222938, -0.005695327900000006, 0.46186099999999997, 1.966286178713511
2.0, 4.0, 3.0, 3.0, 2.0, 4.0, 3.0, 3.0, nan, 0.19699999999999998, 0.2951, 2.207607714814616, 0.80216
2.0, 4.0, 3.0, 4.0, 2.0, 4.0, 3.0, 4.0, nan, 0.36458, 0.0, 0.19699999999999998, 0.0
2.0, 4.0, 4.0, 0.0, 2.0, 4.0, 4.0, 0.0, nan, 0.296, nan, nan, -0.0019000000000000017
2.0, 4.0, 4.0, 1.0, 2.0, 4.0, 4.0, 1.0, nan, 0.652027032701, -0.0019000000000000017, -0.0010000000000000009, 0.2951
2.0, 4.0, 4.0, 2.0, 2.0, 4.0, 4.0, 2.0, nan, 0.9166813974855785, -0.0019000000000000017, -0.0010000000000000009, 0.296
2.0, 4.0, 4.0, 3.0, 2.0, 4.0, 4.0, 3.0, nan, 0.677483, 0.0, -0.0010000000000000009, 0.19699999999999998
2.0, 4.0, 4.0, 4.0, 2.0, 4.0, 4.0, 4.0, nan, 0.37429999999999997, 0.0, 0.0, 0.0
3.0, 0.0, 0.0, 0.0, 3.0, 0.0, 0.0, 0.0, nan, nan, nan, nan, nan
3.0, 0.0, 0.0, 1.0, 3.0, 0.0, 0.0, 1.0, nan, nan, 0.979999996977733, nan, nan
3.0, 0.0, 0.0, 2.0, 3.0, 0.0, 0.0, 2.0, nan, nan, 0.0, nan, nan
3.0, 0.0, 0.0, 3.0, 3.0, 0.0, 0.0, 3.0, nan, nan, 41.27777895372016, nan, nan
3.0, 0.0, 0.0, 4.0, 3.0, 0.0, 0.0, 4.0, nan, nan, -43.291130127714304, nan, nan
3.0, 0.0, 1.0, 0.0, 3.0, 0.0, 1.0, 0.0, nan, -0.009999999986724635, nan, nan, nan
3.0, 0.0, 1.0, 1.0, 3.0, 0.0, 1.0, 1.0, nan, 0.9799999999995643, 0.20953855548783468, nan, nan
3.0, 0.0, 1.0, 2.0, 3.0, 0.0, 1.0, 2.0, nan, -29.416068118220004, 50.94130429755889, nan, nan
3.0, 0.0, 1.0, 3.0, 3.0, 0.0, 1.0, 3.0, nan, 0.45918782, -0.0010000000000000009, nan, nan
3.0, 0.0, 1.0, 4.0, 3.0, 0.0, 1.0, 4.0, nan, 0.34260915904086675, -4.8020000000000005, nan, nan
3.0, 0.0, 2.0, 0.0, 3.0, 0.0, 2.0, 0.0, nan, 0.0, nan, nan, nan
3.0, 0.0, 2.0, 1.0, 3.0, 0.0, 2.0, 1.0, nan, 51.21168970470424, -25.568668931, nan, nan
3.0, 0.0, 2.0, 2.0, 3.0, 0.0, 2.0, 2.0, nan, -48.019999999990866, -48.825864424798056, nan, nan
3.0, 0.0, 2.0, 3.0, 3.0, 0.0, 2.0, 3.0, nan, 0.7984040214925195, -16.854539000000003, nan, nan
3.0, 0.0, 2.0, 4.0, 3.0, 0.0, 2.0, 4.0, nan, 0.952743417834518, -16.514078, nan, nan
3.0, 0.0, 3.0, 0.0, 3.0, 0.0, 3.0, 0.0, nan, 50.96124567466555, nan, nan, nan
3.0, 0.0, 3.0, 1.0, 3.0, 0.0, 3.0, 1.0, nan, -0.009494882292279516, -0.009528987130275387, nan, nan
3.0, 0.0, 3.0, 2.0, 3.0, 0.0, 3.0, 2.0, nan, -37.08768925893981, -0.009999987489239298, nan, nan
3.0, 0.0, 3.0, 3.0, 3.0, 0.0, 3.0, 3.0, nan, -0.0010000000000000009, -0.0019000000000000017, nan, nan
3.0, 0.0, 3.0, 4.0, 3.0, 0.0, 3.0, 4.0, nan, 0.06601189994180001, 0.0, nan, nan
3.0, 0.0, 4.0, 0.0, 3.0, 0.0, 4.0, 0.0, nan, -48.99186686434844, nan, nan, nan
3.0, 0.0, 4.0, 1.0, 3.0, 0.0, 4.0, 1.0, nan, -20.0700851, 0.5778825933373506, nan, nan
3.0, 0.0, 4.0, 2.0, 3.0, 0.0, 4.0, 2.0, nan, -29.889719175110002, -0.009989388833880047, nan, nan
3.0, 0.0, 4.0, 3.0, 3.0, 0.0, 4.0, 3.0, nan, -16.854539000000003, 0.9778236208589923, nan, nan
3.0, 0.0, 4.0, 4.0, 3.0, 0.0, 4.0, 4.0, nan, -40.83651324899341, -41.5332100517343, nan, nan
3.0, 1.0, 0.0, 0.0, 3.0, 1.0, 0.0, 0.0, nan, nan, nan, nan, nan
3.0, 1.0, 0.0, 1.0, 3.0, 1.0, 0.0, 1.0, nan, nan, 0.33702200000000004, 1.9206878365516342, nan
3.0, 1.0, 0.0, 2.0, 3.0, 1.0, 0.0, 2.0, nan, nan, 0.0, 0.9796374112846654, nan
3.0, 1.0, 0.0, 3.0, 3.0, 1.0, 0.0, 3.0, nan, nan, 0.098, 0.0, nan
3.0, 1.0, 0.0, 4.0, 3.0, 1.0, 0.0, 4.0, nan, nan, 1.9699999704923024, 0.0, nan
3.0, 1.0, 1.0, 0.0, 3.0, 1.0, 1.0, 0.0, nan, 0.8288155820644926, nan, nan, 0.5574381059608999
3.0, 1.0, 1.0, 1.0, 3.0, 1.0, 1.0, 1.0, nan, 2.9599907578978955, 0.40072931, 1.1383479791, 0.37429999999999997
3.0, 1.0, 1.0, 2.0, 3.0, 1.0, 1.0, 2.0, nan, 0.9844356766253112, -0.009942735831029788, 1.97, 0.05618922721170398
3.0, 1.0, 1.0, 3.0, 3.0, 1.0, 1.0, 3.0, nan, -0.004095100000000004, -0.0027100000000000023, 0.458656379, -0.0027100000000000023
3.0, 1.0, 1.0, 4.0, 3.0, 1.0, 1.0, 4.0, nan, 1.136312048823758, 1.969999999999389, -0.004685590000000005, 0.19867615450100004
3.0, 1.0, 2.0, 0.0, 3.0, 1.0, 2.0, 0.0, nan, 0.0, nan, nan, 2.9577102801299686
3.0, 1.0, 2.0, 1.0, 3.0, 1.0, 2.0, 1.0, nan, 1.9686851673806456, 0.9009335478399669, 0.8781967997233521, 0.9535786660168326
3.0, 1.0, 2.0, 2.0, 3.0, 1.0, 2.0, 2.0, nan, 1.9699859567734666, 0.55961441, 0.059258572100000004, 0.17380949867000003
3.0, 1.0, 2.0, 3.0, 3.0, 1.0, 2.0, 3.0, nan, 0.9799999999991847, 0.35940751764777695, -0.005217031000000006, -0.004685590000000005
3.0, 1.0, 2.0, 4.0, 3.0, 1.0, 2.0, 4.0, nan, 0.9794473575440718, 0.45298790000000005, 0.29231440999999997, 0.3811238561763296
3.0, 1.0, 3.0, 0.0, 3.0, 1.0, 3.0, 0.0, nan, -0.0010000000000000009, nan, nan, 0.0
3.0, 1.0, 3.0, 1.0, 3.0, 1.0, 3.0, 1.0, nan, -0.0010000000000000009, 0.1862, -0.0010000000000000009, 2.82058019056151
3.0, 1.0, 3.0, 2.0, 3.0, 1.0, 3.0, 2.0, nan, 1.8497592660414923, 0.29356099999999996, -0.0010000000000000009, -0.0010000000000000009
3.0, 1.0, 3.0, 3.0, 3.0, 1.0, 3.0, 3.0, nan, 0.0, 0.0, 0.0, 0.0
3.0, 1.0, 3.0, 4.0, 3.0, 1.0, 3.0, 4.0, nan, 0.0971, -0.0010000000000000009, 0.0, 0.0
3.0, 1.0, 4.0, 0.0, 3.0, 1.0, 4.0, 0.0, nan, 2.02948347596567, nan, nan, 0.0
3.0, 1.0, 4.0, 1.0, 3.0, 1.0, 4.0, 1.0, nan, 0.335141, 0.7996488199999999, 0.33702200000000004, 1.9653317172757514
3.0, 1.0, 4.0, 2.0, 3.0, 1.0, 4.0, 2.0, nan, -0.004095100000000004, 2.152303185345641, -0.0019000000000000017, 0.53387
3.0, 1.0, 4.0, 3.0, 3.0, 1.0, 4.0, 3.0, nan, 0.023891544377720002, 0.5624, 1.9646043129235928, 0.0
3.0, 1.0, 4.0, 4.0, 3.0, 1.0, 4.0, 4.0, nan, -0.0027100000000000023, 0.26558000000000004, 1.9279118173040002, 0.0
3.0, 2.0, 0.0, 0.0, 3.0, 2.0, 0.0, 0.0, nan, nan, nan, nan, nan
3.0, 2.0, 0.0, 1.0, 3.0, 2.0, 0.0, 1.0, nan, nan, 1.97, 0.9639052607971045, nan
3.0, 2.0, 0.0, 2.0, 3.0, 2.0, 0.0, 2.0, nan, nan, 0.0, 1.946414145090354, nan
3.0, 2.0, 0.0, 3.0, 3.0, 2.0, 0.0, 3.0, nan, nan, 0.9738494040735685, 0.0, nan
3.0, 2.0, 0.0, 4.0, 3.0, 2.0, 0.0, 4.0, nan, nan, 0.64728782, 0.9799727544254665, nan
3.0, 2.0, 1.0, 0.0, 3.0, 2.0, 1.0, 0.0, nan, -0.009999979097548578, nan, nan, -0.009999980931625201
3.0, 2.0, 1.0, 1.0, 3.0, 2.0, 1.0, 1.0, nan, 0.6682995289995483, 1.1351519824360208, 0.511269038, 2.9599999999999933
3.0, 2.0, 1.0, 2.0, 3.0, 2.0, 1.0, 2.0, nan, -0.00018068714465751872, 0.4666802021, 1.9340514328461418, -0.0019000000000000017
3.0, 2.0, 1.0, 3.0, 3.0, 2.0, 1.0, 3.0, nan, 1.9699999999345372, 0.8066145007450878, 0.7475697844010001, -0.0019000000000000017
3.0, 2.0, 1.0, 4.0, 3.0, 2.0, 1.0, 4.0, nan, 0.04653564596186969, 0.03687752647703171, 2.9592939801439417, -0.004095100000000004
3.0, 2.0, 2.0, 0.0, 3.0, 2.0, 2.0, 0.0, nan, 0.0, nan, nan, 0.04653564596186969
3.0, 2.0, 2.0, 1.0, 3.0, 2.0, 2.0, 1.0, nan, 0.2753, 0.43126353452425115, 0.296, 0.4072796000000001
3.0, 2.0, 2.0, 2.0, 3.0, 2.0, 2.0, 2.0, nan, 1.0694962174480822, 2.9599999979092693, 0.5790379092454961, 0.5883704859183291
3.0, 2.0, 2.0, 3.0, 3.0, 2.0, 2.0, 3.0, nan, 0.098, 0.0, 0.2951, 0.80614421
3.0, 2.0, 2.0, 4.0, 3.0, 2.0, 2.0, 4.0, nan, 1.8669005162936108, 0.098, 0.0971, 0.21307399999999999
3.0, 2.0, 3.0, 0.0, 3.0, 2.0, 3.0, 0.0, nan, 0.0, nan, nan, 0.0
3.0, 2.0, 3.0, 1.0, 3.0, 2.0, 3.0, 1.0, nan, 0.16658, -0.0034390000000000033, -0.0019000000000000017, 0.9601299516013636
3.0, 2.0, 3.0, 2.0, 3.0, 2.0, 3.0, 2.0, nan, 0.05859655041270515, -0.006125795110000006, -0.006513215599000007, 1.9699999999955096
3.0, 2.0, 3.0, 3.0, 3.0, 2.0, 3.0, 3.0, nan, 0.0, 0.0, 0.0, 0.0
3.0, 2.0, 3.0, 4.0, 3.0, 2.0, 3.0, 4.0, nan, 0.72747782, 0.0, 0.0, 0.0
3.0, 2.0, 4.0, 0.0, 3.0, 2.0, 4.0, 0.0, nan, 2.350171055848859, nan, nan, -0.0019000000000000017
3.0, 2.0, 4.0, 1.0, 3.0, 2.0, 4.0, 1.0, nan, 1.2102559928838301, -0.004095100000000004, 0.37349, 0.31413831652237595
3.0, 2.0, 4.0, 2.0, 3.0, 2.0, 4.0, 2.0, nan, 0.9286124959130435, -0.0034390000000000033, -0.0019000000000000017, -0.0034390000000000033
3.0, 2.0, 4.0, 3.0, 3.0, 2.0, 4.0, 3.0, nan, 0.0, 0.098, 0.15262094599999998, 0.098
3.0, 2.0, 4.0, 4.0, 3.0, 2.0, 4.0, 4.0, nan, 0.9145591099999999, -0.0019000000000000017, -0.0010000000000000009, 0.0
3.0, 3.0, 0.0, 0.0, 3.0, 3.0, 0.0, 0.0, nan, nan, nan, nan, nan
3.0, 3.0, 0.0, 1.0, 3.0, 3.0, 0.0, 1.0, nan, nan, 0.9799999723789531, 0.6724656158318, nan
3.0, 3.0, 0.0, 2.0, 3.0, 3.0, 0.0, 2.0, nan, nan, 0.0, 0.0, nan
3.0, 3.0, 0.0, 3.0, 3.0, 3.0, 0.0, 3.0, nan, nan, 0.0, 0.0, nan
3.0, 3.0, 0.0, 4.0, 3.0, 3.0, 0.0, 4.0, nan, nan, 0.9793859528267463, 0.4013198, nan
3.0, 3.0, 1.0, 0.0, 3.0, 3.0, 1.0, 0.0, nan, 0.23647490000000002, nan, nan, 0.2360507525639001
3.0, 3.0, 1.0, 1.0, 3.0, 3.0, 1.0, 1.0, nan, -0.008784233454094317, 1.9699999989868, 1.469252431819187, -0.008649148282327017
3.0, 3.0, 1.0, 2.0, 3.0, 3.0, 1.0, 2.0, nan, 0.605312, 0.56159, 1.3864031989999999, 1.9699846275565465
3.0, 3.0, 1.0, 3.0, 3.0, 3.0, 1.0, 3.0, nan, -0.0027100000000000023, 0.098, 0.9759089332404292, -0.0019000000000000017
3.0, 3.0, 1.0, 4.0, 3.0, 3.0, 1.0, 4.0, nan, -0.0027100000000000023, 0.29356099999999996, 2.560012806397027, -0.0019000000000000017
3.0, 3.0, 2.0, 0.0, 3.0, 3.0, 2.0, 0.0, nan, 0.0, nan, nan, 0.0
3.0, 3.0, 2.0, 1.0, 3.0, 3.0, 2.0, 1.0, nan, 0.1862, 2.959575710285401, 0.296, 0.33702200000000004
3.0, 3.0, 2.0, 2.0, 3.0, 3.0, 2.0, 2.0, nan, 0.9799999287052503, -0.009015229097816399, -0.008332281830033351, 0.9018288857846649
3.0, 3.0, 2.0, 3.0, 3.0, 3.0, 2.0, 3.0, nan, 0.1862, 0.0, 0.9863279898241215, 0.098
3.0, 3.0, 2.0, 4.0, 3.0, 3.0, 2.0, 4.0, nan, 0.26558000000000004, -0.0019000000000000017, -0.006125795110000006, 0.9799933834798058
3.0, 3.0, 3.0, 0.0, 3.0, 3.0, 3.0, 0.0, nan, 0.0, nan, nan, 0.0
3.0, 3.0, 3.0, 1.0, 3.0, 3.0, 3.0, 1.0, nan, 0.9788445619113815, -0.0010000000000000009, -0.0019000000000000017, 0.1862
3.0, 3.0, 3.0, 2.0, 3.0, 3.0, 3.0, 2.0, nan, 0.0, -0.0010000000000000009, 0.0, 1.8132353525600002
3.0, 3.0, 3.0, 3.0, 3.0, 3.0, 3.0, 3.0, nan, 0.0, 0.0, 0.0, 0.0
3.0, 3.0, 3.0, 4.0, 3.0, 3.0, 3.0, 4.0, nan, 0.0, -0.0010000000000000009, 0.0, 0.0
3.0, 3.0, 4.0, 0.0, 3.0, 3.0, 4.0, 0.0, nan, -0.0019000000000000017, nan, nan, -0.0019000000000000017
3.0, 3.0, 4.0, 1.0, 3.0, 3.0, 4.0, 1.0, nan, 0.9343066301386804, -0.004095100000000004, -0.004685590000000005, 0.481364
3.0, 3.0, 4.0, 2.0, 3.0, 3.0, 4.0, 2.0, nan, -0.005695327900000006, -0.006125795110000006, 0.0963182835060623, -0.005695327900000006
3.0, 3.0, 4.0, 3.0, 3.0, 3.0, 4.0, 3.0, nan, 0.53387, 0.0, 0.0, 0.0
3.0, 3.0, 4.0, 4.0, 3.0, 3.0, 4.0, 4.0, nan, 1.017944, 0.0, 0.0, 0.0
3.0, 4.0, 0.0, 0.0, 3.0, 4.0, 0.0, 0.0, nan, nan, nan, nan, nan
3.0, 4.0, 0.0, 1.0, 3.0, 4.0, 0.0, 1.0, nan, nan, 0.638295128702, 0.0, nan
3.0, 4.0, 0.0, 2.0, 3.0, 4.0, 0.0, 2.0, nan, nan, 0.0, 0.9799981312992684, nan
3.0, 4.0, 0.0, 3.0, 3.0, 4.0, 0.0, 3.0, nan, nan, 0.9799999853210433, 0.7996488199999999, nan
3.0, 4.0, 0.0, 4.0, 3.0, 4.0, 0.0, 4.0, nan, nan, 0.0, 0.0, nan
3.0, 4.0, 1.0, 0.0, 3.0, 4.0, 1.0, 0.0, nan, -0.0019000000000000017, nan, nan, 0.0
3.0, 4.0, 1.0, 1.0, 3.0, 4.0, 1.0, 1.0, nan, 0.42161512256000006, 0.47248999999999997, 2.9599972986451437, 0.5581421342
3.0, 4.0, 1.0, 2.0, 3.0, 4.0, 1.0, 2.0, nan, 0.19609999999999997, 2.959796994985191, 1.1238873247998393, 0.78842792078
3.0, 4.0, 1.0, 3.0, 3.0, 4.0, 1.0, 3.0, nan, -0.006125795110000006, 1.9699999637782646, 0.4013198, 0.9799860380397415
3.0, 4.0, 1.0, 4.0, 3.0, 4.0, 1.0, 4.0, nan, -0.0010000000000000009, 0.0, 0.47329999999999994, 0.9790640951482189
3.0, 4.0, 2.0, 0.0, 3.0, 4.0, 2.0, 0.0, nan, 0.0, nan, nan, 2.959962343440034
3.0, 4.0, 2.0, 1.0, 3.0, 4.0, 2.0, 1.0, nan, 0.33702200000000004, 2.911370895122679, -0.0027100000000000023, 0.6140599999999999
3.0, 4.0, 2.0, 2.0, 3.0, 4.0, 2.0, 2.0, nan, 1.06420133078, 2.959999994607902, 0.4013198, 0.9803054444770976
3.0, 4.0, 2.0, 3.0, 3.0, 4.0, 2.0, 3.0, nan, 0.5003198, -0.0010000000000000009, 0.2951, 2.0311206355736
3.0, 4.0, 2.0, 4.0, 3.0, 4.0, 2.0, 4.0, nan, 0.098, 0.296, 0.2951, 2.2828469433331544
3.0, 4.0, 3.0, 0.0, 3.0, 4.0, 3.0, 0.0, nan, 2.8776739967246656, nan, nan, -0.0010000000000000009
3.0, 4.0, 3.0, 1.0, 3.0, 4.0, 3.0, 1.0, nan, 0.542744, 0.2951, -0.0010000000000000009, 0.0
3.0, 4.0, 3.0, 2.0, 3.0, 4.0, 3.0, 2.0, nan, 0.9640354304459319, -0.0019000000000000017, -0.0019000000000000017, 0.36439999999999995
3.0, 4.0, 3.0, 3.0, 3.0, 4.0, 3.0, 3.0, nan, 0.0, 0.0872, 0.0, 0.296
3.0, 4.0, 3.0, 4.0, 3.0, 4.0, 3.0, 4.0, nan, 0.0, 0.0, 0.098, 0.64178
3.0, 4.0, 4.0, 0.0, 3.0, 4.0, 4.0, 0.0, nan, 0.0, nan, nan, -0.0010000000000000009
3.0, 4.0, 4.0, 1.0, 3.0, 4.0, 4.0, 1.0, nan, 0.400197869, -0.0019000000000000017, -0.0019000000000000017, -0.0019000000000000017
3.0, 4.0, 4.0, 2.0, 3.0, 4.0, 4.0, 2.0, nan, 0.0, -0.0019000000000000017, 0.014706935851357881, -0.0019000000000000017
3.0, 4.0, 4.0, 3.0, 3.0, 4.0, 4.0, 3.0, nan, 0.0, 0.0, 0.0, -0.0010000000000000009
3.0, 4.0, 4.0, 4.0, 3.0, 4.0, 4.0, 4.0, nan, 0.0, 0.0, 0.0, 0.0
4.0, 0.0, 0.0, 0.0, 4.0, 0.0, 0.0, 0.0, 0.0, nan, nan, nan, nan
4.0, 0.0, 0.0, 1.0, 4.0, 0.0, 0.0, 1.0, 1.9699999664477303, nan, 0.0, nan, nan
4.0, 0.0, 0.0, 2.0, 4.0, 0.0, 0.0, 2.0, 0.33702200000000004, nan, -9.5, nan, nan
4.0, 0.0, 0.0, 3.0, 4.0, 0.0, 0.0, 3.0, 0.9799999999991847, nan, -0.5217031000000001, nan, nan
4.0, 0.0, 0.0, 4.0, 4.0, 0.0, 0.0, 4.0, 0.8848054794555842, nan, -0.46855900000000006, nan, nan
4.0, 0.0, 1.0, 0.0, 4.0, 0.0, 1.0, 0.0, 1.2389377059308897, 0.0, nan, nan, nan
4.0, 0.0, 1.0, 1.0, 4.0, 0.0, 1.0, 1.0, 2.959353097003934, -20.4755, -17.042639, nan, nan
4.0, 0.0, 1.0, 2.0, 4.0, 0.0, 1.0, 2.0, 0.6718693756992291, -0.271, -13.38962, nan, nan
4.0, 0.0, 1.0, 3.0, 4.0, 0.0, 1.0, 3.0, 0.6718693756992291, -0.19, -9.4109, nan, nan
4.0, 0.0, 1.0, 4.0, 4.0, 0.0, 1.0, 4.0, 1.8669005162936108, -0.271, -13.46981, nan, nan
4.0, 0.0, 2.0, 0.0, 4.0, 0.0, 2.0, 0.0, -0.009989388833880047, -28.376675447900002, nan, nan, nan
4.0, 0.0, 2.0, 1.0, 4.0, 0.0, 2.0, 1.0, -0.009988209815422273, -20.3455922, -0.5217031000000001, nan, nan
4.0, 0.0, 2.0, 2.0, 4.0, 0.0, 2.0, 2.0, 2.956857078706926, -20.410546100000005, -13.55, nan, nan
4.0, 0.0, 2.0, 3.0, 4.0, 0.0, 2.0, 3.0, -0.009015229097816399, -23.34776, -0.10171000000000001, nan, nan
4.0, 0.0, 2.0, 4.0, 4.0, 0.0, 2.0, 4.0, 1.6858170584000003, 0.0, 0.0, nan, nan
4.0, 0.0, 3.0, 0.0, 4.0, 0.0, 3.0, 0.0, -0.009999999999970558, -0.68618940391, nan, nan, nan
4.0, 0.0, 3.0, 1.0, 4.0, 0.0, 3.0, 1.0, 2.9552127645610264, -26.085155, -0.46855900000000006, nan, nan
4.0, 0.0, 3.0, 2.0, 4.0, 0.0, 3.0, 2.0, 1.9699942645519715, -0.6133156099291001, -32.566077995, nan, nan
4.0, 0.0, 3.0, 3.0, 4.0, 0.0, 3.0, 3.0, -0.009999999999999959, -0.8649148282327008, -0.8332281830033343, nan, nan
4.0, 0.0, 3.0, 4.0, 4.0, 0.0, 3.0, 4.0, 1.9394364187177677, -0.46855900000000006, -0.271, nan, nan
4.0, 0.0, 4.0, 0.0, 4.0, 0.0, 4.0, 0.0, 0.014408531581522983, 0.0, nan, nan, nan
4.0, 0.0, 4.0, 1.0, 4.0, 0.0, 4.0, 1.0, 2.959999848215078, -23.42795, -0.40951000000000004, nan, nan
4.0, 0.0, 4.0, 2.0, 4.0, 0.0, 4.0, 2.0, 1.8948404763780424, -0.271, 0.0, nan, nan
4.0, 0.0, 4.0, 3.0, 4.0, 0.0, 4.0, 3.0, 0.13057317487776535, -0.271729, -0.1, nan, nan
4.0, 0.0, 4.0, 4.0, 4.0, 0.0, 4.0, 4.0, 0.80216, -0.1, 0.0, nan, nan
4.0, 1.0, 0.0, 0.0, 4.0, 1.0, 0.0, 0.0, nan, nan, nan, nan, nan
4.0, 1.0, 0.0, 1.0, 4.0, 1.0, 0.0, 1.0, nan, nan, 0.0, 1.0033179602281306, nan
4.0, 1.0, 0.0, 2.0, 4.0, 1.0, 0.0, 2.0, nan, nan, 1.969814729165865, 0.9646436036781696, nan
4.0, 1.0, 0.0, 3.0, 4.0, 1.0, 0.0, 3.0, nan, nan, 0.9800000000000004, 0.978716179901535, nan
4.0, 1.0, 0.0, 4.0, 4.0, 1.0, 0.0, 4.0, nan, nan, 0.098, 0.0, nan
4.0, 1.0, 1.0, 0.0, 4.0, 1.0, 1.0, 0.0, nan, 0.0, nan, nan, 0.05944501994420417
4.0, 1.0, 1.0, 1.0, 4.0, 1.0, 1.0, 1.0, nan, 1.9699999998122526, 0.801431, 1.5699548956409002, 0.5915803686372682
4.0, 1.0, 1.0, 2.0, 4.0, 1.0, 1.0, 2.0, nan, 0.4904198000000001, 0.6581495078146162, 0.720944, 2.95717318534564
4.0, 1.0, 1.0, 3.0, 4.0, 1.0, 1.0, 3.0, nan, 0.9799789155615631, 2.959999095517376, -0.004095100000000004, 0.048462914051566996
4.0, 1.0, 1.0, 4.0, 4.0, 1.0, 1.0, 4.0, nan, 0.70321905424862, -0.0010000000000000009, -0.0019000000000000017, -0.0010000000000000009
4.0, 1.0, 2.0, 0.0, 4.0, 1.0, 2.0, 0.0, nan, 2.959902847256667, nan, nan, 0.15214264910000003
4.0, 1.0, 2.0, 1.0, 4.0, 1.0, 2.0, 1.0, nan, 0.5745503650162401, -0.0027100000000000023, 2.9343828906427887, 0.677483
4.0, 1.0, 2.0, 2.0, 4.0, 1.0, 2.0, 2.0, nan, 1.0520500259609, 0.9726815045402376, 0.6121463057026999, 2.9599623517752827
4.0, 1.0, 2.0, 3.0, 4.0, 1.0, 2.0, 3.0, nan, 0.4877987200219036, 2.959999999999772, 1.32703592489, 0.7306429622409251
4.0, 1.0, 2.0, 4.0, 4.0, 1.0, 2.0, 4.0, nan, -0.0010000000000000009, -0.0010000000000000009, -0.0010000000000000009, 0.43487
4.0, 1.0, 3.0, 0.0, 4.0, 1.0, 3.0, 0.0, nan, -0.009995732585297543, nan, nan, -0.009995889016832954
4.0, 1.0, 3.0, 1.0, 4.0, 1.0, 3.0, 1.0, nan, 0.33587, 0.26539999999999997, 2.834522171505359, 0.0
4.0, 1.0, 3.0, 2.0, 4.0, 1.0, 3.0, 2.0, nan, 0.46358, 0.19609999999999997, 0.5107907411, 1.9463812286591495
4.0, 1.0, 3.0, 3.0, 4.0, 1.0, 3.0, 3.0, nan, 0.33524396900000003, 2.9599999391261544, 0.8067346999999999, 0.46358
4.0, 1.0, 3.0, 4.0, 4.0, 1.0, 3.0, 4.0, nan, -0.0010000000000000009, 0.55771166699, 0.09606687560987945, -0.0019000000000000017
4.0, 1.0, 4.0, 0.0, 4.0, 1.0, 4.0, 0.0, nan, 0.0, nan, nan, 0.0
4.0, 1.0, 4.0, 1.0, 4.0, 1.0, 4.0, 1.0, nan, 0.37429999999999997, 0.0, 0.19699999999999998, 1.9437934945448376
4.0, 1.0, 4.0, 2.0, 4.0, 1.0, 4.0, 2.0, nan, 0.2951, 1.017944, 2.947643308562928, 0.098
4.0, 1.0, 4.0, 3.0, 4.0, 1.0, 4.0, 3.0, nan, 0.1862, 0.5092298, -0.0027100000000000023, 0.8890876794006076
4.0, 1.0, 4.0, 4.0, 4.0, 1.0, 4.0, 4.0, nan, 0.53387, 0.0, 0.0, 0.0
4.0, 2.0, 0.0, 0.0, 4.0, 2.0, 0.0, 0.0, nan, nan, nan, nan, nan
4.0, 2.0, 0.0, 1.0, 4.0, 2.0, 0.0, 1.0, nan, nan, 0.0, 0.9799999999964366, nan
4.0, 2.0, 0.0, 2.0, 4.0, 2.0, 0.0, 2.0, nan, nan, 0.37429999999999997, 0.19699999999999998, nan
4.0, 2.0, 0.0, 3.0, 4.0, 2.0, 0.0, 3.0, nan, nan, 0.9778258393902268, 0.0, nan
4.0, 2.0, 0.0, 4.0, 4.0, 2.0, 0.0, 4.0, nan, nan, 0.511269038, 1.9625985088115125, nan
4.0, 2.0, 1.0, 0.0, 4.0, 2.0, 1.0, 0.0, nan, 0.0, nan, nan, 2.956510105364988
4.0, 2.0, 1.0, 1.0, 4.0, 2.0, 1.0, 1.0, nan, 0.677483, 1.3864031989999999, 0.33702200000000004, 2.959936294875293
4.0, 2.0, 1.0, 2.0, 4.0, 2.0, 1.0, 2.0, nan, 0.26558000000000004, 0.56159, 2.95408603910298, 0.26539999999999997
4.0, 2.0, 1.0, 3.0, 4.0, 2.0, 1.0, 3.0, nan, 0.33702200000000004, 1.4932291792284256, 0.56159, 0.26360441
4.0, 2.0, 1.0, 4.0, 4.0, 2.0, 1.0, 4.0, nan, 0.19699999999999998, 0.0, 0.296, 1.641459520516569
4.0, 2.0, 2.0, 0.0, 4.0, 2.0, 2.0, 0.0, nan, 2.947643308562928, nan, nan, 0.0
4.0, 2.0, 2.0, 1.0, 4.0, 2.0, 2.0, 1.0, nan, 2.948878977706635, -0.0034390000000000033, 0.40072931, -0.0019000000000000017
4.0, 2.0, 2.0, 2.0, 4.0, 2.0, 2.0, 2.0, nan, 0.19699999999999998, 0.26903276900000006, 0.098, 2.847069954354823
4.0, 2.0, 2.0, 3.0, 4.0, 2.0, 2.0, 3.0, nan, 0.18539, 2.7450757004448123, -0.0027100000000000023, 0.18539
4.0, 2.0, 2.0, 4.0, 4.0, 2.0, 2.0, 4.0, nan, -0.0010000000000000009, 0.638295128702, -0.0010000000000000009, -0.0027100000000000023
4.0, 2.0, 3.0, 0.0, 4.0, 2.0, 3.0, 0.0, nan, -0.007941088679053517, nan, nan, 0.0
4.0, 2.0, 3.0, 1.0, 4.0, 2.0, 3.0, 1.0, nan, -0.0027100000000000023, 0.5624, 0.49919786899999996, 1.9699735751917262
4.0, 2.0, 3.0, 2.0, 4.0, 2.0, 3.0, 2.0, nan, 2.959999999999997, 1.6858170584000003, 1.469252431819187, 0.7782266905472439
4.0, 2.0, 3.0, 3.0, 4.0, 2.0, 3.0, 3.0, nan, 0.26558000000000004, 0.2637771455600001, 2.959866853391746, 0.33702200000000004
4.0, 2.0, 3.0, 4.0, 4.0, 2.0, 3.0, 4.0, nan, 0.1862, 0.098, 2.7238913284924564, 0.37429999999999997
4.0, 2.0, 4.0, 0.0, 4.0, 2.0, 4.0, 0.0, nan, 0.0, nan, nan, 0.0
4.0, 2.0, 4.0, 1.0, 4.0, 2.0, 4.0, 1.0, nan, 1.9279118173040002, 0.0, 0.26558000000000004, 0.2951
4.0, 2.0, 4.0, 2.0, 4.0, 2.0, 4.0, 2.0, nan, 0.0, 0.0, -0.0019000000000000017, 1.9360587132455958
4.0, 2.0, 4.0, 3.0, 4.0, 2.0, 4.0, 3.0, nan, -0.0010000000000000009, 0.296, -0.0010000000000000009, 0.0
4.0, 2.0, 4.0, 4.0, 4.0, 2.0, 4.0, 4.0, nan, 0.19699999999999998, 0.0, 0.0, 0.0
4.0, 3.0, 0.0, 0.0, 4.0, 3.0, 0.0, 0.0, nan, nan, nan, nan, nan
4.0, 3.0, 0.0, 1.0, 4.0, 3.0, 0.0, 1.0, nan, nan, 0.0, 0.9798073054905339, nan
4.0, 3.0, 0.0, 2.0, 4.0, 3.0, 0.0, 2.0, nan, nan, 1.969999999680111, 0.0, nan
4.0, 3.0, 0.0, 3.0, 4.0, 3.0, 0.0, 3.0, nan, nan, 0.33702200000000004, 1.9206878365516342, nan
4.0, 3.0, 0.0, 4.0, 4.0, 3.0, 0.0, 4.0, nan, nan, 0.0, 0.0, nan
4.0, 3.0, 1.0, 0.0, 4.0, 3.0, 1.0, 0.0, nan, 0.0, nan, nan, -0.0010000000000000009
4.0, 3.0, 1.0, 1.0, 4.0, 3.0, 1.0, 1.0, nan, 1.969998939061966, -0.004685590000000005, -0.0019000000000000017, 0.363851
4.0, 3.0, 1.0, 2.0, 4.0, 3.0, 1.0, 2.0, nan, 0.33702200000000004, -0.0034390000000000033, -0.0019000000000000017, 2.958330794214747
4.0, 3.0, 1.0, 3.0, 4.0, 3.0, 1.0, 3.0, nan, 1.9699999999976276, 1.5420000728283292, -0.005695327900000006, 0.29231440999999997
4.0, 3.0, 1.0, 4.0, 4.0, 3.0, 1.0, 4.0, nan, 0.9793177253630515, -0.0034390000000000033, 0.560861, -0.0027100000000000023
4.0, 3.0, 2.0, 0.0, 4.0, 3.0, 2.0, 0.0, nan, -0.0027100000000000023, nan, nan, 0.0
4.0, 3.0, 2.0, 1.0, 4.0, 3.0, 2.0, 1.0, nan, -0.0027100000000000023, 0.296, 1.766371261226256, 0.37429999999999997
4.0, 3.0, 2.0, 2.0, 4.0, 3.0, 2.0, 2.0, nan, 0.560861, 1.24939789046, 2.9599999997179, 0.4013198
4.0, 3.0, 2.0, 3.0, 4.0, 3.0, 2.0, 3.0, nan, -0.0034390000000000033, 1.9340514328461418, 0.19699999999999998, 0.0
4.0, 3.0, 2.0, 4.0, 4.0, 3.0, 2.0, 4.0, nan, -0.0010000000000000009, 0.098, 1.8772104646642498, 0.4013198
4.0, 3.0, 3.0, 0.0, 4.0, 3.0, 3.0, 0.0, nan, 1.017944, nan, nan, 0.0
4.0, 3.0, 3.0, 1.0, 4.0, 3.0, 3.0, 1.0, nan, 1.9103302056118066, -0.0027100000000000023, -0.0019000000000000017, -0.0019000000000000017
4.0, 3.0, 3.0, 2.0, 4.0, 3.0, 3.0, 2.0, nan, 1.9695217835932888, -0.0034390000000000033, -0.004095100000000004, 0.55961441
4.0, 3.0, 3.0, 3.0, 4.0, 3.0, 3.0, 3.0, nan, 0.26558000000000004, 0.0, -0.0010000000000000009, 0.0
4.0, 3.0, 3.0, 4.0, 4.0, 3.0, 3.0, 4.0, nan, 0.19699999999999998, -0.0010000000000000009, -0.0010000000000000009, 0.0
4.0, 3.0, 4.0, 0.0, 4.0, 3.0, 4.0, 0.0, nan, -0.0010000000000000009, nan, nan, 0.0
4.0, 3.0, 4.0, 1.0, 4.0, 3.0, 4.0, 1.0, nan, -0.0027100000000000023, -0.0010000000000000009, -0.0010000000000000009, 0.677483
4.0, 3.0, 4.0, 2.0, 4.0, 3.0, 4.0, 2.0, nan, -0.0019000000000000017, 0.3842, -0.0019000000000000017, 1.641459520516569
4.0, 3.0, 4.0, 3.0, 4.0, 3.0, 4.0, 3.0, nan, 0.0, 0.0, 0.2951, 0.8327571627736438
4.0, 3.0, 4.0, 4.0, 4.0, 3.0, 4.0, 4.0, nan, 0.0, 0.0, 0.0, 0.0
4.0, 4.0, 0.0, 0.0, 4.0, 4.0, 0.0, 0.0, nan, nan, nan, nan, nan
4.0, 4.0, 0.0, 1.0, 4.0, 4.0, 0.0, 1.0, nan, nan, 0.0, 0.0, nan
4.0, 4.0, 0.0, 2.0, 4.0, 4.0, 0.0, 2.0, nan, nan, 0.1862, 0.9749493002968261, nan
4.0, 4.0, 0.0, 3.0, 4.0, 4.0, 0.0, 3.0, nan, nan, 1.969999781562268, 1.3517931257027, nan
4.0, 4.0, 0.0, 4.0, 4.0, 4.0, 0.0, 4.0, nan, nan, 0.0, 0.0, nan
4.0, 4.0, 1.0, 0.0, 4.0, 4.0, 1.0, 0.0, nan, 0.0, nan, nan, 0.0
4.0, 4.0, 1.0, 1.0, 4.0, 4.0, 1.0, 1.0, nan, 0.9799999977967673, -0.004095100000000004, -0.006861894039100007, 0.4013198
4.0, 4.0, 1.0, 2.0, 4.0, 4.0, 1.0, 2.0, nan, 1.9662622185761789, -0.0034390000000000033, 0.0, 0.0
4.0, 4.0, 1.0, 3.0, 4.0, 4.0, 1.0, 3.0, nan, 0.730897148823758, -0.0027100000000000023, -0.0010000000000000009, 0.098
4.0, 4.0, 1.0, 4.0, 4.0, 4.0, 1.0, 4.0, nan, 0.098, -0.0010000000000000009, 0.0, 0.0
4.0, 4.0, 2.0, 0.0, 4.0, 4.0, 2.0, 0.0, nan, -0.006861894039100007, nan, nan, -0.006861894039100007
4.0, 4.0, 2.0, 1.0, 4.0, 4.0, 2.0, 1.0, nan, -0.0027100000000000023, 1.333450554543925, 0.29429, -0.0019000000000000017
4.0, 4.0, 2.0, 2.0, 4.0, 4.0, 2.0, 2.0, nan, -0.007175704635190008, 0.9799999981322075, 0.5773561742617246, -0.006125795110000006
4.0, 4.0, 2.0, 3.0, 4.0, 4.0, 2.0, 3.0, nan, -0.0027100000000000023, 0.9113544986074067, 0.18539, -0.0034390000000000033
4.0, 4.0, 2.0, 4.0, 4.0, 4.0, 2.0, 4.0, nan, -0.0010000000000000009, 0.098, 0.0, 0.0
4.0, 4.0, 3.0, 0.0, 4.0, 4.0, 3.0, 0.0, nan, 1.5587110902899535, nan, nan, 0.29231440999999997
4.0, 4.0, 3.0, 1.0, 4.0, 4.0, 3.0, 1.0, nan, 0.9337127964234162, -0.0027100000000000023, -0.0019000000000000017, 0.0
4.0, 4.0, 3.0, 2.0, 4.0, 4.0, 3.0, 2.0, nan, 0.0971, -0.0019000000000000017, -0.004095100000000004, 0.9800012309576811
4.0, 4.0, 3.0, 3.0, 4.0, 4.0, 3.0, 3.0, nan, 0.638295128702, 2.9584972072644855, 1.5442411760000003, 0.6528449204
4.0, 4.0, 3.0, 4.0, 4.0, 4.0, 3.0, 4.0, nan, 0.09556100000000001, 0.8343918834142401, 0.36439999999999995, -0.0010000000000000009
4.0, 4.0, 4.0, 0.0, 4.0, 4.0, 4.0, 0.0, nan, 0.0, nan, nan, 0.0
4.0, 4.0, 4.0, 1.0, 4.0, 4.0, 4.0, 1.0, nan, -0.0019000000000000017, -0.0019000000000000017, -0.0010000000000000009, -0.0010000000000000009
4.0, 4.0, 4.0, 2.0, 4.0, 4.0, 4.0, 2.0, nan, 1.5442411760000003, -0.0019000000000000017, 0.0, 0.0
4.0, 4.0, 4.0, 3.0, 4.0, 4.0, 4.0, 3.0, nan, 0.5581421342, 0.0, -0.0010000000000000009, 0.098
4.0, 4.0, 4.0, 4.0, 4.0, 4.0, 4.0, 4.0, nan, 0.0, 0.0, 0.0, 0.0
